汤唯,11155,9月20日
汤唯,5766,9月21日
汤唯,13859,9月22日
汤唯,19004,9月23日
汤唯,6629,9月24日
汤唯,5299,9月25日
汤唯,3272,9月26日
汤唯,22286,9月27日
汤唯,26006,9月28日
汤唯,12603,9月29日
汤唯,25592,9月30日
汤唯,11895,10月1日
汤唯,9335,10月2日
汤唯,5740,10月3日
汤唯,3588,10月4日
汤唯,9369,10月5日
汤唯,12139,10月6日
汤唯,108076,10月7日
汤唯,47440,10月8日
汤唯,37255,10月9日
汤唯,12230,10月10日
汤唯,13167,10月11日
汤唯,27362,10月12日
汤唯,23409,10月13日
汤唯,101252,10月14日
汤唯,49920,10月15日
汤唯,18742,10月16日
汤唯,15064,10月17日
汤唯,12824,10月18日
汤唯,25647,10月19日
汤唯,19119,10月20日
朱亚文,17907,9月20日
朱亚文,58449,9月21日
朱亚文,5259577,9月22日
朱亚文,130990,9月23日
朱亚文,45791,9月24日
朱亚文,16758,9月25日
朱亚文,12412,9月26日
朱亚文,50357,9月27日
朱亚文,33173,9月28日
朱亚文,17489,9月29日
朱亚文,7342,9月30日
朱亚文,9202,10月1日
朱亚文,187142,10月2日
朱亚文,91697,10月3日
朱亚文,23996,10月4日
朱亚文,11837,10月5日
朱亚文,36618,10月6日
朱亚文,22994,10月7日
朱亚文,27850,10月8日
朱亚文,18499,10月9日
朱亚文,26040,10月10日
朱亚文,9869,10月11日
朱亚文,23842,10月12日
朱亚文,8006,10月13日
朱亚文,9434,10月14日
朱亚文,16985,10月15日
朱亚文,49207,10月16日
朱亚文,8661,10月17日
朱亚文,13668,10月18日
朱亚文,13323,10月19日
朱亚文,57439,10月20日
邓家佳,1295,9月20日
邓家佳,11544,9月21日
邓家佳,3611,9月22日
邓家佳,2930,9月23日
邓家佳,618,9月24日
邓家佳,2576,9月25日
邓家佳,6472,9月26日
邓家佳,16638,9月27日
邓家佳,24617,9月28日
邓家佳,8844,9月29日
邓家佳,381,9月30日
邓家佳,1178,10月1日
邓家佳,1146,10月2日
邓家佳,3806,10月3日
邓家佳,3402,10月4日
邓家佳,2436,10月5日
邓家佳,11416,10月6日
邓家佳,1338,10月7日
邓家佳,3060,10月8日
邓家佳,4386,10月9日
邓家佳,6631,10月10日
邓家佳,6508,10月11日
邓家佳,2224,10月12日
邓家佳,5654,10月13日
邓家佳,743,10月14日
邓家佳,16737,10月15日
邓家佳,2832,10月16日
邓家佳,1561608,10月17日
邓家佳,5181,10月18日
邓家佳,8614,10月19日
邓家佳,13400,10月20日
乔振宇,2213,9月20日
乔振宇,2283,9月21日
乔振宇,4413,9月22日
乔振宇,8523,9月23日
乔振宇,37514,9月24日
乔振宇,109237,9月25日
乔振宇,25550,9月26日
乔振宇,68375,9月27日
乔振宇,23264,9月28日
乔振宇,38007,9月29日
乔振宇,21364,9月30日
乔振宇,8722,10月1日
乔振宇,9923,10月2日
乔振宇,4574,10月3日
乔振宇,2128,10月4日
乔振宇,4250,10月5日
乔振宇,32105,10月6日
乔振宇,3947,10月7日
乔振宇,13378,10月8日
乔振宇,237501,10月9日
乔振宇,42602,10月10日
乔振宇,27499,10月11日
乔振宇,19562,10月12日
乔振宇,10759,10月13日
乔振宇,14470,10月14日
乔振宇,9933,10月15日
乔振宇,22651,10月16日
乔振宇,10467,10月17日
乔振宇,8593,10月18日
乔振宇,28000,10月19日
乔振宇,13798,10月20日
王学圻,91,9月20日
王学圻,97,9月21日
王学圻,198,9月22日
王学圻,55,9月23日
王学圻,235,9月24日
王学圻,91,9月25日
王学圻,53,9月26日
王学圻,14451,9月27日
王学圻,13948,9月28日
王学圻,139,9月29日
王学圻,43,9月30日
王学圻,425,10月1日
王学圻,3804,10月2日
王学圻,222,10月3日
王学圻,71,10月4日
王学圻,43,10月5日
王学圻,52,10月6日
王学圻,285,10月7日
王学圻,2045,10月8日
王学圻,53,10月9日
王学圻,36,10月10日
王学圻,36,10月11日
王学圻,610582,10月12日
王学圻,783,10月13日
王学圻,183,10月14日
王学圻,122,10月15日
王学圻,126,10月16日
王学圻,62,10月17日
王学圻,80,10月18日
王学圻,96,10月19日
王学圻,1414,10月20日
张艺兴,1737567,9月20日
张艺兴,4117283,9月21日
张艺兴,2566112,9月22日
张艺兴,2079546,9月23日
张艺兴,1279660,9月24日
张艺兴,1274811,9月25日
张艺兴,3209929,9月26日
张艺兴,4649648,9月27日
张艺兴,2946558,9月28日
张艺兴,3492515,9月29日
张艺兴,1319164,9月30日
张艺兴,1726958,10月1日
张艺兴,1383517,10月2日
张艺兴,5229214,10月3日
张艺兴,5214760,10月4日
张艺兴,3800602,10月5日
张艺兴,1865117,10月6日
张艺兴,16638988,10月7日
张艺兴,5464762,10月8日
张艺兴,2162960,10月9日
张艺兴,3815473,10月10日
张艺兴,2023150,10月11日
张艺兴,830864,10月12日
张艺兴,4026911,10月13日
张艺兴,1021576,10月14日
张艺兴,1481613,10月15日
张艺兴,1042243,10月16日
张艺兴,1000731,10月17日
张艺兴,1897486,10月18日
张艺兴,804973,10月19日
张艺兴,2167189,10月20日
俞灏明,166999,9月20日
俞灏明,149904,9月21日
俞灏明,24038,9月22日
俞灏明,17608,9月23日
俞灏明,14571,9月24日
俞灏明,5980,9月25日
俞灏明,15853,9月26日
俞灏明,80838,9月27日
俞灏明,42747,9月28日
俞灏明,20061,9月29日
俞灏明,6210,9月30日
俞灏明,37606,10月1日
俞灏明,11178,10月2日
俞灏明,7176,10月3日
俞灏明,20536,10月4日
俞灏明,11649,10月5日
俞灏明,2460,10月6日
俞灏明,9934,10月7日
俞灏明,1592,10月8日
俞灏明,76932,10月9日
俞灏明,6374,10月10日
俞灏明,96386,10月11日
俞灏明,9243,10月12日
俞灏明,221451,10月13日
俞灏明,1314,10月14日
俞灏明,1208,10月15日
俞灏明,6813,10月16日
俞灏明,719,10月17日
俞灏明,658,10月18日
俞灏明,557,10月19日
俞灏明,1012,10月20日
吴越,751,9月20日
吴越,1483,9月21日
吴越,13711,9月22日
吴越,11393,9月23日
吴越,3189,9月24日
吴越,49360,9月25日
吴越,105416,9月26日
吴越,33358,9月27日
吴越,29311,9月28日
吴越,6321,9月29日
吴越,2198,9月30日
吴越,2072,10月1日
吴越,7402,10月2日
吴越,1386,10月3日
吴越,2507,10月4日
吴越,604,10月5日
吴越,785564,10月6日
吴越,13569,10月7日
吴越,7126,10月8日
吴越,4972,10月9日
吴越,3350,10月10日
吴越,4209,10月11日
吴越,30535,10月12日
吴越,7891,10月13日
吴越,1466,10月14日
吴越,820,10月15日
吴越,1172,10月16日
吴越,1049,10月17日
吴越,2126,10月18日
吴越,5935,10月19日
吴越,2416,10月20日
梁冠华,694,9月20日
梁冠华,288,9月21日
梁冠华,1772,9月22日
梁冠华,7897,9月23日
梁冠华,19819,9月24日
梁冠华,16449,9月25日
梁冠华,2944,9月26日
梁冠华,16620,9月27日
梁冠华,14437,9月28日
梁冠华,612,9月29日
梁冠华,2242,9月30日
梁冠华,419,10月1日
梁冠华,14716,10月2日
梁冠华,512,10月3日
梁冠华,223,10月4日
梁冠华,329,10月5日
梁冠华,410,10月6日
梁冠华,399,10月7日
梁冠华,586,10月8日
梁冠华,8116,10月9日
梁冠华,371,10月10日
梁冠华,227,10月11日
梁冠华,156,10月12日
梁冠华,122,10月13日
梁冠华,163,10月14日
梁冠华,4165,10月15日
梁冠华,2731,10月16日
梁冠华,141,10月17日
梁冠华,138,10月18日
梁冠华,125,10月19日
梁冠华,24676,10月20日
李昕亮,3,9月20日
李昕亮,3,9月21日
李昕亮,2,9月22日
李昕亮,0,9月23日
李昕亮,38,9月24日
李昕亮,0,9月25日
李昕亮,0,9月26日
李昕亮,14209,9月27日
李昕亮,12740,9月28日
李昕亮,64,9月29日
李昕亮,43,9月30日
李昕亮,61,10月1日
李昕亮,23,10月2日
李昕亮,10,10月3日
李昕亮,27,10月4日
李昕亮,14,10月5日
李昕亮,20,10月6日
李昕亮,6,10月7日
李昕亮,11,10月8日
李昕亮,6,10月9日
李昕亮,2,10月10日
李昕亮,8,10月11日
李昕亮,6,10月12日
李昕亮,6,10月13日
李昕亮,21,10月14日
李昕亮,32,10月15日
李昕亮,16,10月16日
李昕亮,9,10月17日
李昕亮,2,10月18日
李昕亮,3,10月19日
李昕亮,5,10月20日
苏可,493,9月20日
苏可,127754,9月21日
苏可,4045,9月22日
苏可,2847,9月23日
苏可,2053,9月24日
苏可,1134,9月25日
苏可,464,9月26日
苏可,14879,9月27日
苏可,14167,9月28日
苏可,2441,9月29日
苏可,3414,9月30日
苏可,684,10月1日
苏可,425,10月2日
苏可,1468,10月3日
苏可,588,10月4日
苏可,1114,10月5日
苏可,443,10月6日
苏可,3879,10月7日
苏可,1132,10月8日
苏可,955,10月9日
苏可,715,10月10日
苏可,1005,10月11日
苏可,2062,10月12日
苏可,1486,10月13日
苏可,395,10月14日
苏可,3565,10月15日
苏可,1528,10月16日
苏可,640,10月17日
苏可,540,10月18日
苏可,690,10月19日
苏可,3928,10月20日
孙骁骁,8,9月20日
孙骁骁,35,9月21日
孙骁骁,10,9月22日
孙骁骁,53,9月23日
孙骁骁,5,9月24日
孙骁骁,11,9月25日
孙骁骁,13,9月26日
孙骁骁,52,9月27日
孙骁骁,1175,9月28日
孙骁骁,17,9月29日
孙骁骁,22,9月30日
孙骁骁,75,10月1日
孙骁骁,27,10月2日
孙骁骁,3,10月3日
孙骁骁,6,10月4日
孙骁骁,8,10月5日
孙骁骁,13,10月6日
孙骁骁,10,10月7日
孙骁骁,9,10月8日
孙骁骁,9,10月9日
孙骁骁,19,10月10日
孙骁骁,11,10月11日
孙骁骁,12,10月12日
孙骁骁,2819,10月13日
孙骁骁,80,10月14日
孙骁骁,34,10月15日
孙骁骁,9,10月16日
孙骁骁,16,10月17日
孙骁骁,19,10月18日
孙骁骁,25,10月19日
孙骁骁,10,10月20日
赵韩樱子,17898,9月20日
赵韩樱子,679,9月21日
赵韩樱子,1262,9月22日
赵韩樱子,2803,9月23日
赵韩樱子,38726,9月24日
赵韩樱子,2509,9月25日
赵韩樱子,394,9月26日
赵韩樱子,399,9月27日
赵韩樱子,198,9月28日
赵韩樱子,2181,9月29日
赵韩樱子,144,9月30日
赵韩樱子,160,10月1日
赵韩樱子,538,10月2日
赵韩樱子,225,10月3日
赵韩樱子,348,10月4日
赵韩樱子,153,10月5日
赵韩樱子,204,10月6日
赵韩樱子,247,10月7日
赵韩樱子,728,10月8日
赵韩樱子,225,10月9日
赵韩樱子,216,10月10日
赵韩樱子,256,10月11日
赵韩樱子,187,10月12日
赵韩樱子,162,10月13日
赵韩樱子,170,10月14日
赵韩樱子,4078,10月15日
赵韩樱子,832,10月16日
赵韩樱子,342,10月17日
赵韩樱子,1639,10月18日
赵韩樱子,505,10月19日
赵韩樱子,6587,10月20日
孙耀琦,63,9月20日
孙耀琦,63,9月21日
孙耀琦,40,9月22日
孙耀琦,44,9月23日
孙耀琦,131,9月24日
孙耀琦,69,9月25日
孙耀琦,25,9月26日
孙耀琦,39,9月27日
孙耀琦,28,9月28日
孙耀琦,27,9月29日
孙耀琦,39,9月30日
孙耀琦,50,10月1日
孙耀琦,45,10月2日
孙耀琦,35,10月3日
孙耀琦,18,10月4日
孙耀琦,22,10月5日
孙耀琦,132,10月6日
孙耀琦,37,10月7日
孙耀琦,29,10月8日
孙耀琦,13,10月9日
孙耀琦,53,10月10日
孙耀琦,46,10月11日
孙耀琦,32,10月12日
孙耀琦,30,10月13日
孙耀琦,1076,10月14日
孙耀琦,36,10月15日
孙耀琦,33,10月16日
孙耀琦,53,10月17日
孙耀琦,124,10月18日
孙耀琦,51,10月19日
孙耀琦,5782,10月20日
魏巍,96,9月20日
魏巍,694,9月21日
魏巍,662,9月22日
魏巍,21,9月23日
魏巍,243,9月24日
魏巍,1142,9月25日
魏巍,44,9月26日
魏巍,851,9月27日
魏巍,255,9月28日
魏巍,159,9月29日
魏巍,86,9月30日
魏巍,52,10月1日
魏巍,25,10月2日
魏巍,194,10月3日
魏巍,1127,10月4日
魏巍,2208,10月5日
魏巍,59,10月6日
魏巍,28,10月7日
魏巍,38,10月8日
魏巍,324,10月9日
魏巍,29,10月10日
魏巍,1291,10月11日
魏巍,133,10月12日
魏巍,1166,10月13日
魏巍,968,10月14日
魏巍,1148,10月15日
魏巍,752,10月16日
魏巍,1882,10月17日
魏巍,1446,10月18日
魏巍,751,10月19日
魏巍,1216,10月20日
