诸葛大力,1020,2020-10-01
诸葛大力,1047,2020-10-02
诸葛大力,1089,2020-10-03
诸葛大力,1079,2020-10-04
诸葛大力,1120,2020-10-05
诸葛大力,1106,2020-10-06
诸葛大力,1112,2020-10-07
诸葛大力,1183,2020-10-08
诸葛大力,1371,2020-10-09
诸葛大力,1372,2020-10-10
张伟,2842,2020-10-01
张伟,3015,2020-10-02
张伟,3103,2020-10-03
张伟,2984,2020-10-04
张伟,2874,2020-10-05
张伟,2884,2020-10-06
张伟,3049,2020-10-07
张伟,3110,2020-10-08
张伟,2982,2020-10-09
张伟,2800,2020-10-10
胡一菲,1141,2020-10-01
胡一菲,1157,2020-10-02
胡一菲,1150,2020-10-03
胡一菲,1164,2020-10-04
胡一菲,1154,2020-10-05
胡一菲,1160,2020-10-06
胡一菲,1165,2020-10-07
胡一菲,1312,2020-10-08
胡一菲,1555,2020-10-09
胡一菲,1232,2020-10-10
吕子乔,1018,2020-10-01
吕子乔,1050,2020-10-02
吕子乔,1061,2020-10-03
吕子乔,1105,2020-10-04
吕子乔,1045,2020-10-05
吕子乔,1031,2020-10-06
吕子乔,1101,2020-10-07
吕子乔,1113,2020-10-08
吕子乔,1235,2020-10-09
吕子乔,1185,2020-10-10
陈美嘉,2338,2020-10-01
陈美嘉,2547,2020-10-02
陈美嘉,2700,2020-10-03
陈美嘉,2554,2020-10-04
陈美嘉,2493,2020-10-05
陈美嘉,2568,2020-10-06
陈美嘉,2681,2020-10-07
陈美嘉,2750,2020-10-08
陈美嘉,2679,2020-10-09
陈美嘉,2669,2020-10-10
赵海棠,1135,2020-10-01
赵海棠,1194,2020-10-02
赵海棠,1144,2020-10-03
赵海棠,1154,2020-10-04
赵海棠,1162,2020-10-05
赵海棠,1167,2020-10-06
赵海棠,1177,2020-10-07
赵海棠,1210,2020-10-08
赵海棠,1151,2020-10-09
赵海棠,1179,2020-10-10
咖喱酱,487,2020-10-01
咖喱酱,555,2020-10-02
咖喱酱,583,2020-10-03
咖喱酱,557,2020-10-04
咖喱酱,593,2020-10-05
咖喱酱,599,2020-10-06
咖喱酱,601,2020-10-07
咖喱酱,667,2020-10-08
咖喱酱,640,2020-10-09
咖喱酱,655,2020-10-10
曾小贤,1117,2020-10-01
曾小贤,1200,2020-10-02
曾小贤,1201,2020-10-03
曾小贤,1280,2020-10-04
曾小贤,1355,2020-10-05
曾小贤,1370,2020-10-06
曾小贤,1413,2020-10-07
曾小贤,1509,2020-10-08
曾小贤,1686,2020-10-09
曾小贤,1436,2020-10-10
秦羽墨,1389,2020-10-01
秦羽墨,1477,2020-10-02
秦羽墨,1510,2020-10-03
秦羽墨,1621,2020-10-04
秦羽墨,1529,2020-10-05
秦羽墨,1537,2020-10-06
秦羽墨,1606,2020-10-07
秦羽墨,1859,2020-10-08
秦羽墨,1678,2020-10-09
秦羽墨,1678,2020-10-10
