Dear-迪丽热巴,0,娱乐,130115261,50580017,19
陈赫,1,娱乐,140809971,48808143,89
❤️会说话的刘二豆❤️,1,宠物,394250473,43334385,135
一禅小和尚,1,文化,216987275,40831191,312
Angelababy,2,娱乐,78789600,39786563,32
摩登兄弟,1,娱乐,213463447,35696939,166
何炅,1,娱乐,76527314,35214995,15
陈翔六点半,1,剧情,242450463,35078083,610
郭 聪 明🔥,1,音乐,228275491,33447493,96
M哥,2,音乐,203956274,32862328,168
多余和毛毛姐,1,娱乐,203518422,28400745,124
冯提莫,2,音乐,85625629,28147964,73
高火火❤️,1,音乐,175403691,28074602,131
七舅脑爷,1,帅哥,232532805,27868984,75
papi酱,2,文化,120040773,26767996,186
关晓彤,2,娱乐,52555771,24380401,40
��麻辣🔥德子🔥,1,美食,116196845,24337837,119
黑脸V,1,技术流,145205838,23902729,105
代古拉k,2,美女,173318783,23626710,174
彭十六elf,2,娱乐,291791213,21137361,279
惠子ssica,2,美女,179928429,20758900,217
黄晓明,0,娱乐,30739981,19727011,25
罗志祥,1,娱乐,91231598,19719737,115
杨洋,1,娱乐,42683971,19705116,13
祝晓晗,2,娱乐,209175977,19212287,243
费启鸣,1,帅哥,71948284,19146522,37
周冬雨,0,娱乐,24551687,18634668,25
李佳琦Austin,1,美妆,70021018,18481092,112
人民日报,0,蓝V,355827891,18424728,294
快乐大本营,1,娱乐,69404954,18387683,258
山村小杰,1,生活,112455523,17670248,87
忠哥,1,生活,78717237,16544948,102
兔子牙,2,音乐,84642371,16181872,120
吴亦凡,1,娱乐,36314555,16081022,17
熊梓淇,0,娱乐,46694365,15955444,47
食堂夜话,1,剧情,84042195,15858106,54
邓伦,1,帅哥,30171872,15630075,18
办公室小野,2,美食,94780288,15490022,195
歐陽娜娜Nana,2,生活,26301794,15365719,57
天天笑园,1,生活,167600294,15075897,620
AG超玩会梦泪,1,游戏,135690596,15007162,259
唐嫣,0,娱乐,28415144,15000705,13
娄艺潇,2,娱乐,27629345,14754270,18
金毛蛋黄,2,宠物,178511717,14742374,675
杨紫,2,娱乐,28581514,14419372,13
你的子笺子凛,1,生活,103879082,13914235,54
虎二,1,音乐,55593736,13895167,105
美少女小惠,2,美女,75229954,13696994,60
GEM鄧紫棋,2,娱乐,35613481,13576539,27
丫蛋蛋换个心情做自己,2,音乐,68074184,13456835,132
杜子建,1,文化,47828952,13285393,473
潘长江,1,娱乐,68723254,13264835,39
林允Jelly,2,娱乐,14711147,13091802,31
四平警事,1,蓝V,70643745,13050704,105
刘宇,1,帅哥,88213514,13017832,198
阿纯（全网男女通用脸）,1,搞笑,98466487,12742127,100
江疏影,0,娱乐,21377396,12739555,29
小沈阳,1,娱乐,32350140,12710360,37
Aleks Kost,1,帅哥,62270912,12463498,129
柳岩,2,娱乐,10035468,12346341,55
涂磊,1,图文控,28970532,12328450,56
开挂的猫二歪,1,宠物,129481732,12219371,163
张大仙,1,游戏,102063209,12216361,114
乔万旭,1,音乐,146043030,12087844,202
萌芽熊,1,动漫,71712924,12077367,104
毛晓彤,2,娱乐,21902696,12049985,27
蔡萝莉🍒,2,动漫,98229447,11985306,142
央视新闻,0,蓝V,172878346,11824693,832
吃不胖娘,2,美女,91429217,11795076,168
仙女酵母,2,美女,95884204,11506463,92
袁姗姗,0,娱乐,14750569,11478829,12
娜扎nz,2,娱乐,20289010,11398657,12
斯外戈,1,娱乐,112934752,11382006,202
猫女林,2,美女,104871531,11381384,240
薛之谦,1,娱乐,46806078,11158802,13
李子柒,2,美食,37697195,11151248,345
贫穷料理,1,美食,46262422,11148456,327
我叫王大锤,1,蓝V,42274457,11124742,326
许华升,1,音乐,79122673,10962211,88
聂小雨,2,音乐,64185727,10892841,176
张欣尧,1,舞蹈,108276735,10873768,221
��姚大,1,生活,61444908,10712341,55
尬演七段,1,帅哥,94648585,10620848,129
大头大头下雨不愁,1,搞笑,112313313,10544572,209
线条君LineDancer,1,才艺,55578540,10499757,191
汪东城,1,娱乐,32443322,10443225,137
陈三废gg,1,搞笑,132142461,10231378,213
懒饭,2,美食,44014420,10212254,846
花一村,1,舞蹈,125737121,10194750,136
杨幂,2,娱乐,17834797,10136916,4
小鹿式女友,1,美女,106847150,9949536,157
杨迪,1,帅哥,12025715,9926392,24
S,2,娱乐,18488605,9862486,17
王嘉尔,1,娱乐,15868855,9810501,14
李溪芮,2,美女,18904385,9805833,23
小沈龙,1,娱乐,19980555,9778840,108
金瀚kim,1,娱乐,38673930,9705777,62
喵小兔漫画（画师七七）,2,动漫,94083137,9536178,245
西木西木,1,音乐,71267320,9522322,81
王北车🍺,1,音乐,35550793,9487665,68
itsRae,2,生活,40789639,9410941,51
王鹤棣_Dylan,1,帅哥,32250051,9361772,26
名侦探小宇,2,文化,30194036,9232388,20
巴哥Bart,0,音乐,50803321,9223131,76
人民网,1,生活,179365260,9205261,927
韩饭饭,2,搞笑,148533839,9169885,282
钟婷xo,2,美女,103732913,9135792,250
怪了个兽,1,帅哥,95129414,9123947,124
猪小屁,1,蓝V,64837539,9095673,241
设计师阿爽,2,生活,27251158,9033741,384
罗西,1,娱乐,77237569,9031752,252
张禾禾同学,2,音乐,32725330,8914291,115
老爸评测,1,文化,22098880,8910232,202
魏大勋,1,搞笑,11178782,8887558,16
王小弦,1,帅哥,148123456,8742288,294
爆胎儿,0,美女,66727206,8546445,77
不帅的哥家的生活,1,生活,144185184,8508290,403
玩车女神,2,美女,47547513,8475619,213
唐唐,1,动漫,71662414,8436059,58
巴比兔,2,手工手绘,87015016,8392741,237
闵静Jing,2,美女,47790097,8328729,97
张双利,1,娱乐,37967724,8282871,96
呗呗兔_,2,美女,27648540,8229580,217
周周珍可爱,2,美女,63615603,8218782,255
晨妍,2,美女,59176409,8179819,289
杜海涛,1,娱乐,4087162,8139649,16
赵奕欢Chloe,2,美女,16858510,8093927,188
刘涛,2,娱乐,12461066,7995095,9
麦小兜,2,音乐,27786091,7968496,83
山城小岳岳,1,搞笑,19491711,7963268,182
子笺子凛,1,帅哥,54993616,7944149,123
沈腾,1,娱乐,12472143,7938226,8
大G,1,宠物,66227875,7930920,46
街探社,2,生活,73192673,7928674,130
一婷呦you,2,美女,39275979,7910107,337
ohyeahyeah,1,搞笑,57420373,7820789,488
蔡徐坤,1,娱乐,23942175,7760272,9
温精灵,2,美女,81055865,7715300,102
明sir反骗局,0,蓝V,26337914,7703199,204
小霸王,2,美女,66593867,7684250,250
暖男先生,1,娱乐,37872089,7669779,12
尼格买提,1,娱乐,26383973,7652599,88
僵小鱼,1,动漫,20295510,7606005,215
地球村讲解员,1,文化,31694513,7574436,100
爱做饭的芋头SAMA,0,美食,29635079,7427739,46
临界十缨,2,美女,87293080,7412376,280
万能子墨,2,生活,37562151,7411960,89
认真少女_颜九,2,美妆,71879863,7354366,617
CCTV国家记忆,0,蓝V,65561777,7338720,231
婕妤,2,美妆,50608273,7323266,224
.羊羊羊,1,帅哥,62935958,7301508,329
乔乐思密达,2,美女,88079222,7258890,146
燃烧的陀螺仪,1,生活,44091893,7204190,477
小球球吖,2,美女,21585825,7196595,91
孙俪工作室,0,娱乐,18658824,7164698,121
大张伟,0,音乐,5458758,7141217,22
陈意礼,2,美女,80804846,7104728,266
扎心师郑实,1,图文控,31549447,7077601,121
王萌萌and卜凡旭🔥,1,音乐,47066268,7071465,228
小品一家人,2,搞笑,81730353,7068044,285
用武之地-讲武学堂,1,才艺,34230206,7032000,273
吴佳煜,2,美女,49189523,7028834,464
裴佳欣,2,娱乐,26163312,7019575,347
不齐舞团,1,舞蹈,36135946,6992291,124
考呀呀Excel技巧,1,科技,8580589,6939514,199
浙江卫视,1,蓝V,83884466,6921074,1007
黄中柳說,1,搞笑,54155612,6917582,191
说方言的王子涛,1,搞笑,47302169,6896818,299
呆妹儿小霸王,2,游戏,43644832,6880540,134
小龙的魔力,1,才艺,59752678,6870135,191
Eh-Bee-Family,1,搞笑,70234705,6869675,436
毒角SHOW,1,搞笑,40688079,6857618,204
乔师兄,1,文化,587560,6856406,6
杨公子要上进,1,搞笑,30918239,6856042,168
酋长,1,搞笑,61989806,6831520,175
张杰的小跟班,1,娱乐,9819560,6815911,17
浙有正能量,1,生活,461013990,6783626,1744
沈虫虫,1,音乐,38618880,6743951,187
魔术师林剑伟,1,才艺,39311936,6741310,270
赵露思,0,娱乐,20619174,6732427,36
设计帮帮忙,2,才艺,14684367,6724574,233
碎嘴许美达,2,生活,39147326,6695561,147
黄渤导演作品,1,娱乐,20423525,6689803,129
wuli设计姐,2,生活,25116355,6689679,312
BTV养生堂,1,文化,17251488,6680688,395
大连老湿王博文,1,搞笑,52204954,6665176,481
我是小可爱,2,剧情,45635711,6577608,320
中国军网,0,蓝V,89011044,6571398,340
严谨,2,美女,30082928,6536536,393
李雨霏2007,2,舞蹈,66286608,6535277,406
白小白,1,音乐,15857610,6535251,49
密子君,2,美食,28774769,6518842,341
嘿人李逵,1,搞笑,54189947,6497094,181
MrYang杨家成英语,1,搞笑,37552298,6490720,158
起司姨太,2,美妆,59436215,6473318,229
皮皮（教做菜）,0,美食,16825027,6435064,88
雷米🍒,1,游戏,60235576,6433665,194
JeremyLin林书豪7,1,体育,29531682,6399522,24
跑腿界的彭于晏,1,搞笑,64152597,6392372,146
茶啊二中,1,音乐,25641927,6369322,271
憨豆先生,1,娱乐,20273541,6354349,484
杨玉环,2,美女,54402352,6354236,95
陈雪凝,2,音乐,24904106,6344638,23
杨恒瑞,1,娱乐,77511803,6315920,232
放扬的心心,0,剧情,54894427,6267696,111
喂谷美食记,1,美食,25538870,6265920,280
安琪莉娜·王,2,美妆,28309300,6253025,176
我叫Abbily,2,舞蹈,30148988,6247271,107
济公爷爷·游本昌,1,娱乐,37715580,6244307,30
爱吃的绵er.,2,美女,20932975,6239411,96
小彭,1,搞笑,51927902,6223277,259
老丈人说车,2,汽车,37502483,6183424,220
凯诺,1,音乐,56794851,6124295,278
宸荨樱桃🍒,2,美女,40548804,6106086,279
末那大叔,1,娱乐,43846900,6097340,183
张凯毅Kevin,2,美妆,28169226,6052386,282
谷大喵🍀,2,美妆,81923594,6041516,314
Yuki雪雪,2,美女,62427064,6025175,285
灵魂当铺,0,美女,11578469,6019873,12
盖中盖,2,美女,36637072,5995485,70
探探猫和豆豆猪,1,蓝V,39106777,5926791,375
亮声open,2,音乐,20155617,5874272,104
颖宝儿Sunny,2,美女,12802645,5871787,393
孙艺洲,1,娱乐,13546635,5848205,16
队长－不齐舞团,1,帅哥,40699932,5824276,107
赵樱子,2,娱乐,10167145,5790314,55
赵拉斯的二狗,1,宠物,56355003,5780448,343
科技公元,2,科技,95016265,5759182,280
仲昭金•快减重,1,帅哥,8115667,5747004,173
幺妹儿,2,美女,42592862,5736919,238
范丞丞,1,娱乐,18427203,5735368,17
Bigger研究所,1,搞笑,37866244,5733964,275
面筋哥（程书林）,1,音乐,3151842,5732019,62
专属小可爱,2,美女,22446326,5718409,164
何蓝逗,2,娱乐,13315132,5710121,3
爆胎草莓粥,2,美女,35931196,5703133,164
一条小团团OvO,2,游戏,65630637,5667968,374
蛋蛋解说,1,游戏,35336575,5664668,166
脑洞大开,2,剧情,16412760,5653058,261
Mr. Pea,1,搞笑,22192658,5648682,79
章若楠,2,娱乐,19118927,5614683,41
王贰浪,2,音乐,25951187,5565359,197
芒果妈妈,2,娱乐,96692851,5522927,793
红雨老师（多肉）,1,美食,48781760,5522637,60
歪果仁研究协会,1,搞笑,44117232,5498133,208
上海小阿姨,2,生活,38635940,5462848,153
王逗逗,2,美女,25215728,5461243,160
厨娘小木（美食）,2,美食,28711097,5460183,75
皮皮虾APP,1,蓝V,140806593,5452074,482
大胃王浪胃仙,2,美食,39245371,5449193,91
主持人李思思,2,娱乐,11580862,5423829,62
野生脆脆,2,美女,36906615,5421208,197
神州老师,1,才艺,15686613,5405260,251
你的小甜甜,2,美女,12726164,5387594,11
开大宝🔥,1,音乐,33670679,5365350,91
老王欧巴,1,搞笑,49085426,5357355,221
辣妈艾小鑫,2,生活,36563140,5339540,200
大川,1,帅哥,57925442,5331110,654
七鹤大人,1,帅哥,50574007,5307430,422
浩博🐳,1,帅哥,21398303,5288274,50
张彬彬Vin,1,娱乐,17677084,5249006,10
张雪迎Sophie,0,娱乐,9830274,5236302,7
一刻talks,2,文化,21104323,5234585,3226
慕容瑞驰,1,搞笑,49228988,5226162,149
叮叮叮,2,生活,38042813,5217368,352
虫虫😽,2,美女,57172183,5204793,182
陈鹤一,1,帅哥,29118057,5196578,54
狗达,1,帅哥,54557762,5172347,491
野食小哥,1,美食,23392171,5155688,225
尊宝粑粑,1,影视,48201510,5142413,114
中国军视网,1,蓝V,56607856,5118209,618
天天逗事,1,搞笑,23328591,5108389,239
superB太,1,搞笑,53527630,5102761,201
刘至佳ChoCo,2,音乐,25365610,5096300,134
快学英语Emily,2,文化,17912637,5067872,224
张云龙mmc,1,帅哥,11513243,5052993,15
TasteBuds伶牙俐吃,1,美食,57882901,5042241,249
阚清子,2,娱乐,10947239,5040654,28
张雪峰老师,1,图文控,17903507,5035213,294
丁丁当当小宝贝,2,萌娃,33953010,5034782,263
王蓝莓,2,才艺,32362666,5028838,77
伊春桃山网警,1,蓝V,149291721,5011718,714
TESSO龙哥,1,文化,35623305,5005751,178
NBA,0,体育,72683177,4998468,930
吃鸡陪玩酱,2,游戏,52966519,4958550,486
唐唐频道,1,动漫,22247000,4954057,481
大海哥～不浪,1,搞笑,43226312,4902039,109
小四四🍒,2,美女,50715065,4884502,240
张予曦,2,娱乐,5286513,4882713,32
设计好房子,1,生活,14086330,4867502,194
丁香医生,1,文化,20794011,4866402,395
燃茶哥哥,1,游戏,40018328,4865693,331
_栎琦prince🚀,2,帅哥,24634906,4851562,185
陈乔恩,2,娱乐,4936979,4844006,6
蓝盈莹Lyric,2,音乐,9976946,4791624,45
是辛德瑞拉,1,音乐,28185565,4786934,84
马孝安,1,搞笑,46131246,4735786,132
葛漂亮【从小丑到大】,2,美女,27332072,4734368,94
朴鸣piaoming,1,其他,71139963,4733955,293
阿悠悠,2,音乐,16415606,4723387,43
殷世航很会脸红,1,帅哥,46796481,4716275,184
潘晓婷,2,美女,14071135,4692341,22
黄明昊Justin,1,娱乐,13752469,4686356,14
MM老师-2019公益行动,1,文化,9445538,4675330,202
坤哥玩花卉,1,生活,13933574,4675120,388
小小101,2,美女,29960210,4675043,100
张馨予,0,娱乐,10791936,4672685,18
生活妙招,2,生活,14476505,4671029,90
小伶玩具官方,2,生活,46068261,4659495,229
包贝尔,1,娱乐,11543869,4654318,28
林更新,1,娱乐,4819946,4654112,5
喜蕃,1,娱乐,22795191,4648549,44
汪梦云,2,生活,21354003,4644592,77
中国陆军,0,蓝V,45832780,4628517,525
周云鹏L,1,搞笑,2578169,4621265,22
疯狂小杨哥🌚,1,搞笑,45631626,4612481,73
之昊will,1,文化,32267630,4601034,143
老骚男,1,游戏,16081898,4590080,47
金宇,1,生活,50848453,4587492,195
弹总🎋,2,宠物,63514974,4576863,590
粤知一二,1,搞笑,31939478,4562570,383
有意思的潇哥哥,1,帅哥,59822172,4559916,301
纪涵中,1,美女,28746104,4551957,176
董新尧,1,搞笑,40207659,4530569,122
宛如,2,美女,55182131,4530219,305
演员马可,0,娱乐,7538675,4525406,12
轮胎粑粑,1,宠物,38384161,4518678,183
信口开饭,1,美食,39372200,4512892,159
警界君,2,蓝V,80613651,4507758,409
艾玛杜蒙特,2,娱乐,11077193,4492653,22
春晚,0,蓝V,31981452,4489802,513
飞天小敏警,2,美女,53430203,4488654,207
章智捷（文弘音乐）,1,音乐,26437240,4484364,127
蓝心羽=你的叽叽,2,音乐,26995374,4480595,101
车老湿🚗,1,帅哥,23039897,4472508,134
李昃佑,1,帅哥,28484781,4454434,203
皮皮狐,1,搞笑,31445560,4448983,209
大漠警示,1,蓝V,32685533,4448277,127
小山竹,2,萌娃,8482271,4425179,77
中式调酒师 小猫,1,美食,12675558,4424678,128
街头马克,1,生活,43075392,4421531,207
路怡,2,美女,44620109,4397357,286
花:姐,2,音乐,13142213,4395478,157
ahua,1,帅哥,46927859,4389347,133
黄锐铨,1,帅哥,40525337,4375048,280
黄宥明,1,娱乐,17158253,4362156,48
演员宋晓峰,1,娱乐,5395545,4352479,36
柚子cici酱,2,美妆,39128073,4339912,51
彭十六的日常,2,美女,30617169,4336582,83
奔跑吧历史,2,文化,23629268,4334074,162
喜马拉雅,2,文化,16025127,4331087,799
我是赵岩💥,2,搞笑,36590041,4323855,272
ItzGennyB,1,帅哥,29196806,4312784,472
Excel之光,1,科技,6696057,4312420,214
秋叶Word,2,科技,7232561,4290992,144
李明霖,1,帅哥,9317492,4285874,89
王老六,1,搞笑,13416710,4284523,22
Lucky大佬啊,2,搞笑,39923252,4276831,108
爱拍照的木子萌,2,娱乐,16003389,4275898,153
秋叶Excel,1,科技,6725388,4259520,171
吃不胖的瘦子,1,帅哥,20203756,4251230,83
精致辣妈蓉儿,2,生活,17858754,4248644,95
软软大测评,1,科技,40192357,4245727,465
广东雨神（卢大雨）,1,音乐,9572494,4237461,71
哈K,1,宠物,60078221,4233950,209
咩咩爱历史,1,文化,27148102,4209731,179
向波老师,1,文化,20093620,4208897,66
太阳妹妹（晨晨）,2,搞笑,65763786,4207333,282
难言x游戏解说,1,游戏,52723985,4206403,365
钟山说,1,图文控,22940195,4203326,159
大壮,1,音乐,11194286,4188263,85
尬演团队,1,蓝V,38384796,4186519,81
韩长江JACKY,1,才艺,9507290,4161075,50
毛毛毛,1,生活,41464481,4150114,362
翔翔大作战,1,美食,26529704,4146425,228
梁洁Little,2,娱乐,12732608,4143940,14
新华社,1,蓝V,56028230,4124995,230
杰克大魔王,1,动漫,38979641,4121459,100
泡椒好吃嘛,2,美食,47933355,4118175,286
鬼哥,1,搞笑,73998595,4105814,107
压寨夫人,1,帅哥,34293290,4100757,76
胡阿小小,2,美女,25545544,4092377,126
程野,1,娱乐,9806764,4081966,47
Fs-阿诺,1,音乐,21738605,4081133,321
太原宾利哥立少,1,其他,9859830,4077438,134
悟禅,1,文化,25175504,4072001,131
喳喳呱,1,游戏,47591249,4068972,613
罗休休,2,搞笑,39158057,4054592,293
成龙吧官微,1,娱乐,8919651,4045109,95
俊哲迪迪,1,帅哥,11814458,4039113,124
小信吃鸡,1,游戏,27276710,4031705,156
佟大为,1,娱乐,9539528,4031063,18
钓鱼人张良,1,才艺,9514710,4030092,294
河南广播电视台民生频道,0,资讯,44398434,4029262,999
大师说车,0,汽车,13867623,4028788,175
尚推荐（老尚）,2,生活,40976971,4018303,304
甜哥Gee,2,美女,21202663,4015443,122
Christy钟丽缇,2,娱乐,4916015,4007483,185
星座疗伤师,1,娱乐,20042700,3999879,246
李予诺,2,美女,38825423,3972604,244
尧尧很爱笑,1,搞笑,34511408,3970656,92
卓宝,2,娱乐,24542708,3970590,200
舞林一分钟,2,美女,12801344,3958670,965
拍照自修室,2,才艺,5706129,3958035,71
李雪琴,2,娱乐,28393368,3956657,148
一一丫丫,2,美女,40814002,3953202,356
Seojin_Ban潘南奎,2,美女,20075612,3940813,108
卷毛佟,1,影视,6843261,3940564,195
王小潮,2,美食,20410728,3937807,122
调酒师--扬扬,2,美食,23192918,3934533,100
大中华区总裁,1,汽车,32620274,3932343,162
维意定制家居,2,才艺,17787527,3927313,395
孙耀威,1,其他,18338171,3914159,73
L李宏毅,1,娱乐,6280365,3904598,16
胖胖胖,1,音乐,10073321,3886165,86
知爷好设计,2,生活,8580336,3877999,214
内双无双,2,剧情,36836464,3871796,78
月亮姐姐,2,娱乐,20427778,3871153,67
李二甩,1,搞笑,25654320,3860858,94
懂车侦探,1,汽车,20321463,3858029,14
家常美食教程,2,美食,13775519,3852222,56
孟子坤_,1,帅哥,17627077,3843342,39
壹捌修木头修皮革,1,才艺,30385504,3839321,60
小小莎老师,2,美女,12144734,3834886,206
喵星人❤特特❤,1,宠物,33022860,3831430,93
黑泽♠️,1,帅哥,19607797,3830819,161
笑笑说游,1,游戏,30840748,3822762,190
二郎,1,音乐,14269849,3806105,31
韩41【大石桥联盟】,1,蓝V,26656844,3802303,159
秦岚,2,娱乐,6246688,3802228,20
文弘音乐,1,生活,22252487,3800680,639
Rita姐_白彦翧,2,美妆,32096928,3792351,305
搖呼啦圈,0,其他,8745469,3792349,6
路边小郎君,1,音乐,66678987,3779010,222
张晋max,0,娱乐,18841133,3776279,20
夢想家林志穎,1,娱乐,3357235,3772425,6
天台食堂,1,美食,10245157,3771052,143
枚子教你瘦,2,生活,15077968,3743439,111
知希大人,2,美女,9059542,3736732,20
吴昕,0,娱乐,9016565,3734325,16
塑料姐妹,2,剧情,26225561,3728011,129
美男子顾北,1,情感,14737901,3726649,59
霸王别急眼,1,剧情,27053232,3723967,33
天极街球头盔哥,1,体育,40786687,3722925,541
西班牙小哥儿德明,1,音乐,35882669,3719556,129
赢在起点早教学园,2,舞蹈,10829785,3715605,408
SOE唱歌教学,2,文化,4578489,3712014,311
Tender黄梦,0,美妆,28267266,3707988,205
职场老思,1,生活,25000497,3697192,110
小蝌蚪妈妈,2,美妆,21087032,3692693,199
裴佳欣妈妈,2,萌娃,4885588,3692176,105
小金刚,1,搞笑,42351647,3679175,290
Zealot周星星,2,音乐,23863851,3676374,110
叫我老伯,1,娱乐,69878232,3675489,501
男神拍照教学,1,才艺,7807285,3666370,71
斑布猫,1,娱乐,20550714,3662747,82
圈老汉,1,娱乐,59893200,3658825,554
王子文Olivia,2,娱乐,9219043,3657937,35
PUNK_朋克,1,美妆,29374932,3657238,70
锰宝,2,美妆,17983026,3654937,522
湖南卫视少年说,0,蓝V,41971849,3653770,325
玲爷,2,才艺,26355333,3614574,29
小魔术师陈俊强,1,才艺,2894944,3610059,21
#NAME?,1,汽车,25765812,3602786,66
戴上耳机,1,音乐,15899814,3600450,380
阔气💰米老板,1,搞笑,42797403,3585970,123
互盾办公教学,2,科技,5899824,3580468,433
欢乐喜剧人娇娇,2,搞笑,11847663,3578293,195
朝食集,2,美食,14241698,3567675,286
Lil ghost小鬼,1,其他,6708073,3566769,8
媛媛酱,2,才艺,15833633,3556420,150
宋小雅,2,美妆,19703587,3556142,198
超皮优酷君,0,蓝V,53550844,3548167,698
MikeAngelo中国,1,娱乐,6244048,3547711,30
朱正廷,1,娱乐,10361674,3542508,24
宋茜,0,娱乐,3413043,3537523,10
英语影视配音员 孙志立,1,文化,10149953,3528924,278
潘多拉英语by轻课,2,文化,10137232,3512640,291
超星名师讲坛,0,文化,15065464,3507598,119
白嘉峻🐒,1,音乐,24882918,3500236,27
夏妈厨房,2,美食,11460693,3494761,261
家居设计小思妹💡,2,生活,12931483,3489860,342
萌叔小熊猫,1,帅哥,19633677,3476471,140
张柏芝工作室,0,娱乐,8655228,3475283,37
陈橙mm,2,蓝V,34879998,3474466,92
叫我涵锅锅,1,体育,24175150,3470803,164
Joy一点课英语,2,文化,18647389,3464807,77
周导聊商业,1,文化,4153763,3458955,94
乌兰图雅🌹民族流行歌手,2,音乐,5670930,3455936,473
大胃mini,2,美食,15768796,3455445,196
丛林之家,1,美食,14842345,3453558,215
Gifty,2,音乐,21596067,3447807,169
负债调音师,1,才艺,17827884,3444045,127
幼师口袋,0,文化,7100565,3442574,458
蛋蛋秀,1,影视,21644522,3438698,265
子昊SEVEN,1,娱乐,20843803,3437209,88
简笔画,1,手工手绘,16205542,3433581,176
狗哥杰克苏,1,搞笑,34189786,3424172,60
东方小厨神,2,美食,18521516,3423041,323
抖科技,1,蓝V,4239378,3421760,277
小洲,1,搞笑,18466385,3414060,176
长草颜团子,0,动漫,19266469,3409969,250
花生哥哥💖,2,帅哥,30641508,3406625,283
绝世的容颜,1,其他,25541669,3403407,125
龙姑姑（王显群）,0,生活,15489507,3398119,152
陈泽宇,1,帅哥,21758051,3391998,288
防身大师,1,才艺,6479825,3381999,91
爷爷等一下,1,情感,52311724,3381001,328
二十吃垮成都,2,生活,24679824,3377635,256
小顽童爷爷,2,蓝V,40736350,3375837,267
暴躁的小张,1,其他,46948792,3375031,207
辣目洋子,2,搞笑,19123085,3372343,332
骚白,1,游戏,16225692,3371958,214
环球网,2,蓝V,123578194,3369496,1146
李旭,1,帅哥,27730076,3364619,296
慧慧周,2,影视,30365628,3362836,119
悬崖上的金鱼姬,1,生活,0,3353110,0
乔丽娅Natalia,2,搞笑,33964371,3340210,135
西门飘飘,1,帅哥,23532618,3336069,169
手绘客～柚子,1,才艺,15053026,3330177,544
军哥篮球🏀习惯过了头.,1,体育,44613551,3325903,451
躺倒鸭,1,蓝V,16569127,3322971,518
极妙厨房,1,美食,3981677,3320006,346
虞乐Joshua,1,帅哥,27100225,3314572,155
Kakakaoo-,2,美妆,7411930,3305554,104
年糕妈妈,2,母婴,10321803,3303004,306
王者视觉,1,影视,25794258,3292036,727
最强大脑王峰,1,才艺,3495776,3281611,33
商业小纸条,1,图文控,13379938,3275427,231
小信老师,1,游戏,28716280,3271634,250
中国好声音,0,蓝V,15989651,3267861,438
好好昊先生,1,帅哥,41806768,3262040,191
猫又yo,2,游戏,24119426,3260748,95
创业者课堂,1,文化,4578613,3259310,339
黑马小明,1,美妆,27737194,3252301,73
gfimodels,0,生活,24713916,3249682,217
物种猎奇,1,文化,17579758,3243548,93
敬道者也,2,剧情,42242330,3243509,103
滑小稽,1,动漫,13423131,3240605,167
刘晓超   🎵,1,音乐,11923117,3238050,67
尿尿是只猫,1,宠物,23703920,3222825,47
冷少,1,搞笑,32761050,3221049,189
主持人王威子,1,娱乐,32045116,3218526,156
馒头音乐,1,音乐,15317833,3215637,165
侦探芳芳,2,美女,14454716,3215579,25
别闹了佳恩,2,美女,21451063,3207918,121
大胃王小鹿,2,美食,27754369,3207265,61
SumanSoul二姐,2,体育,7705707,3201046,124
心机老师,1,游戏,33342582,3199354,289
��狼外婆李猫妮😽～,2,宠物,30192607,3198976,323
佳哥就是毕加索,1,动漫,18659663,3197148,118
欧尼熊,2,美妆,22720978,3190281,195
北京SWAT,1,生活,11073757,3185074,75
童锦程,1,帅哥,24515568,3178140,89
郑慧杰呐🏀,1,帅哥,32194933,3177897,296
钮裔诺,1,帅哥,13578044,3176411,454
何婧婧,2,美女,24026195,3174171,149
琳姐,2,文化,16329764,3174133,22
韬略,0,文化,15347639,3158636,88
刀木熊先生,1,搞笑,29055654,3153377,205
喜欢画画的大鹏,1,手工手绘,16288340,3147546,67
羚彦加油站,0,蓝V,35025586,3147210,42
郭大力健身,1,体育,10228260,3137773,94
Chachi野哥,2,剧情,30224379,3132034,90
金花show,1,搞笑,33753479,3130966,558
夏V艺,2,美女,17657102,3128251,62
智仁,2,音乐,7977485,3127798,97
拜托啦学妹,2,搞笑,28028637,3124540,452
二妮【正能量】,2,生活,33445717,3121663,212
行走的励志君,1,生活,23111284,3117486,195
任青安,1,帅哥,12069019,3117265,163
美食姐姐,2,美食,16086404,3106454,285
发兔看世界,2,文化,37162598,3106225,230
蒲街坊,2,生活,14777751,3104915,266
孙大新and马马马,2,搞笑,55655953,3095163,144
中美混血玛尔娜,2,萌娃,14770703,3090899,340
暴走街拍,1,娱乐,30901257,3088131,414
大树君,1,其他,34662759,3087815,275
共青团中央,1,蓝V,54448335,3087213,241
穿拖鞋的猫爷,1,生活,12216743,3085415,221
栩影酱,2,文化,24509787,3081643,83
大师的菜,1,美食,5836888,3074523,187
金毛_艾迪,1,宠物,46599229,3068979,289
Kelly于文文,0,娱乐,3531075,3067716,6
汪苏泷,1,帅哥,4459188,3067036,13
我在现场官方账号,2,生活,160711878,3064332,1026
道上都叫我赤木刚宪,2,美妆,25725848,3059737,564
快看漫画,2,蓝V,13437836,3043553,118
刘梦LapMoby,1,体育,16735219,3040943,148
生活达人蒋小喵,2,生活,19795113,3038070,314
小芊语,2,舞蹈,22037140,3034664,254
花卉盆景月季荣斯欣园艺场,1,生活,5967998,3024910,218
在下铁头阿彪,1,才艺,16773312,3021152,26
小璐ykiki,2,美妆,15836733,3020277,265
猫眼大明星,0,蓝V,98458017,3016072,1970
刘怡歆,2,萌娃,16679342,3015184,101
侣行,1,旅行,8675496,3009014,178
湖南娱乐,2,蓝V,55385641,3005608,987
呼叫网管,0,文化,23208290,2997628,50
Pony朴惠敏,2,美妆,7210239,2996501,162
王者荣耀耀神,1,游戏,42822609,2995140,320
yuko和魔镜,2,美女,25883578,2995011,77
Hello胡馨宇,2,美妆,18605660,2992789,206
剑仙,1,游戏,14662405,2990652,30
贝贝叔叔,1,搞笑,22985778,2981635,198
追风筝视频,2,搞笑,19962716,2979829,271
中国警察网,2,蓝V,37749323,2968855,721
乌鸦校尉,1,动漫,25241293,2964507,203
王芊灵Cherrie,2,美妆,11531345,2939327,117
吾皇万睡,1,宠物,11304171,2928997,50
徐大王,1,其他,17454202,2925972,112
子义手抄报,1,才艺,6230343,2923629,190
��老马,1,剧情,25652351,2921757,89
夏厨陈二十,2,美食,8490979,2919374,205
天赐 刺激战场,1,游戏,16000096,2915275,144
一支沫哥哥i,2,音乐,16220510,2912105,204
老宋的微醺23点,1,美食,6543086,2901561,55
二嘉Erjia,2,音乐,17213435,2901122,157
伊春市公安局反诈骗中心,0,蓝V,55117789,2899101,282
危险甜,2,体育,11245046,2896183,101
小不点的皮蛋,1,宠物,28070164,2894946,175
曲肖冰,2,音乐,7524776,2880132,130
武悦,2,剧情,37938523,2880045,249
Big笑工坊,1,搞笑,7739224,2879515,456
3D立体字 艺术字,2,文化,14396302,2878509,252
大宝二宝,2,搞笑,20795338,2878443,57
第一军情,0,蓝V,20850458,2875749,330
lily学英语,2,文化,9344186,2868748,105
Word之光,2,才艺,4996530,2868346,169
辛德瑞拉熊熊熊,2,舞蹈,20221389,2859196,248
悟道,1,生活,24919085,2857246,151
南穑,2,美女,11712106,2855018,59
Crystal张天爱,2,舞蹈,1747986,2851869,14
巴斯光年你瞅啥,1,搞笑,24014001,2851018,257
王力宏,1,娱乐,4109227,2846544,11
老C游戏攻略,1,游戏,18198199,2845331,369
冰城巡特警,1,蓝V,89165312,2841820,756
高雨田is me,1,才艺,25594200,2828876,27
美家,2,生活,8300903,2822574,258
最强大脑吴天胜(世界记忆冠军),1,文化,5272972,2821553,70
王米卡Mikael(原冰可乐),1,游戏,17816387,2818391,261
土拨虎,1,动漫,22355742,2816742,57
小飞说车 深度解说,1,汽车,6869717,2813844,75
袁弘,0,其他,2100435,2813565,18
张潇洒Yore,2,美女,10447530,2813242,102
圈套圈的逗逗,2,美女,8933310,2812628,89
Fay霞宝丶,2,剧情,39584395,2809086,177
鞠婧祎个人工作室,2,娱乐,3907030,2808428,4
胡66爱唱歌,2,音乐,4518169,2808032,69
彭于晏粉丝团,1,娱乐,10113173,2807718,97
文杰本人,1,音乐,15220193,2804029,50
王欣宇zoe,2,音乐,9079971,2800939,119
心如止水舞编K文,1,舞蹈,13605895,2794685,248
蜜桃小姐姐,2,才艺,19250901,2794296,0
厨男冬阳君,1,美食,10587704,2792855,207
foodyvideo吃货视频,2,美食,8043738,2792800,256
南方健康,2,生活,21135669,2791465,349
魏总和她的奇葩职员,1,剧情,29592377,2790426,185
爆笑虫子,1,蓝V,7038588,2789650,164
KPL王者荣耀职业联赛,2,蓝V,29186092,2788754,3710
暂未成功人士,1,帅哥,25075939,2783047,289
花吃成都,2,生活,26504341,2782457,312
小哪吒,2,生活,18000116,2777222,88
杨豆豆SmiLe,2,舞蹈,19199292,2775766,249
张镇辉台球教学,1,生活,9493457,2773752,62
小情书LOVOTE,0,情感,15548489,2770361,318
江苏卫视,1,蓝V,46255508,2769813,530
百变女王👑丁兰,2,美妆,12936028,2769576,244
Varey顾杰威,1,音乐,34684255,2763423,432
侯明昊Neo,1,娱乐,3913750,2757386,3
壁咚大明星,2,娱乐,69168220,2757131,970
馋哭姐,2,美食,13244367,2756345,113
王赞Zzzz,1,帅哥,21001514,2755590,126
丽江石榴哥,1,文化,15092978,2753194,122
私人音乐厅,2,音乐,16101044,2752863,120
魔术师YiHau易豪,1,才艺,24566225,2747638,123
��开挂猫咪秀🐱,2,宠物,18843658,2745189,67
蓝万蓝万,2,美妆,8073248,2740215,42
飞狗MOCO,1,影视,17512421,2738329,48
无聊的开箱,0,科技,11483548,2737760,156
尘世美,1,帅哥,7797477,2735147,67
阿七教你瘦,2,生活,10392702,2731964,189
刘维,1,音乐,2236680,2729850,30
布丁布丁,2,美妆,11051358,2728083,132
浠潼,2,技术流,10728817,2727304,21
绝地求生-叶凡,1,游戏,18495455,2726579,80
林颜,1,游戏,37238470,2721200,199
动态壁纸APP,2,才艺,5361231,2719697,275
Wuli小彤彤,2,情感,36069098,2718170,256
天使外国哥哥,1,文化,28568522,2718161,205
黄好厉害⭐️,2,美妆,16370193,2717052,189
管楚易,1,帅哥,29257498,2710950,144
大司马解说,1,游戏,8720670,2709377,61
薛定谔的电磁炉,1,音乐,16768034,2705950,234
小beek(小比克),1,娱乐,21450194,2703358,70
我叫张小五,2,生活,28225971,2702259,109
貂蝉撩电影,2,影视,10775360,2695592,642
陈律,1,其他,21721427,2692962,205
边亦然,1,帅哥,6639456,2689391,105
环球时报,0,资讯,38381972,2685721,1100
湖南卫视,0,蓝V,35369970,2682780,770
邻家小仙,2,影视,16705753,2679551,76
陈小绿,2,生活,15673333,2677258,93
单色舞蹈,2,蓝V,7670619,2672405,692
��🎃🎃闪闪闪瞎眼,2,美妆,19376511,2665931,167
滚滚不是广坤,2,宠物,32586714,2664996,70
FanFan,2,音乐,21123130,2662351,68
小宇-游戏砖家,1,游戏,37287168,2650237,280
化妆师繁子,2,美妆,12321265,2642312,105
田峻彰,1,帅哥,24192057,2640440,213
我们的太空,1,蓝V,55411179,2638386,844
胡诗桐,2,才艺,18769954,2633914,149
吉星高赵,1,蓝V,31661379,2630155,123
十点半浪漫商店,2,美女,19952386,2629699,17
饲养员蘑菇,1,美食,23055703,2623770,231
柚子Yoki💫,2,美妆,16106681,2620267,88
小拖累🐒,2,美女,9772641,2619588,159
面点小吃达人,1,美食,8381922,2616375,333
痞叔正能量,1,生活,11843371,2611853,47
小岳岳的拍照魔法,2,才艺,8005064,2610381,115
余生哥哥,1,游戏,20990411,2608494,295
玖月奇迹-王小玮,2,音乐,5707384,2607602,22
熊猫有点饿,2,美食,17098251,2602480,206
警眼看天下,1,生活,59764630,2594729,281
李先森,1,音乐,10906582,2593413,390
汪峰,1,娱乐,4715692,2592843,10
兴智漫画,1,搞笑,20608029,2592295,185
音乐故事,1,音乐,9750209,2585977,137
萧炎🔥刺激战场,1,游戏,11555296,2584656,186
曲洲老师画卡通,1,动漫,5636393,2581616,239
木子李李,2,蓝V,11219390,2581606,32
百变阿粉,2,穿搭,11711976,2577960,73
阿泽手绘,1,手工手绘,9322356,2577535,89
零基础轻松说英语,2,文化,6698236,2577524,307
大卫游戏直播,1,娱乐,21525343,2577008,55
圈内社长,1,影视,49831533,2575008,319
金大班的日常,2,美女,39376755,2569454,522
Uni颖儿,2,美妆,13363455,2568515,155
OhmyLady花花,2,美妆,20653654,2567138,101
默默酱,2,动漫,22102825,2566048,248
Vip8尊贵会员乐队,1,音乐,17534625,2561172,206
唐唐频道说奇案,0,情感,8449613,2559547,120
手机拍照小技巧,2,才艺,9170575,2558994,161
常优秀,1,帅哥,13123118,2557842,71
小片片说大片,1,影视,10578013,2556179,1038
燃烧吧文俊,1,美食,11460533,2548749,113
Alin闪闪发光✨,2,美妆,18564963,2548560,142
十三妹哦,2,音乐,7838550,2548161,195
王者荣耀浣熊君,1,游戏,22729410,2544093,313
鞠文娴（文弘音乐）,2,音乐,11741245,2543437,127
数字化行书,1,才艺,5486116,2541995,191
圆肥白,1,帅哥,27532715,2540432,131
沈佳昕baby📷,2,娱乐,5998892,2540304,83
莓子哥哥,2,生活,13353964,2534271,165
桐姐美食分享,2,美食,10160380,2532654,283
这就是大测评,1,科技,15062423,2531857,111
Mr.three,1,舞蹈,26610055,2520381,212
居家妙招,2,生活,12180858,2519227,80
于晴,2,音乐,10844371,2513328,218
我与大白,1,宠物,26350672,2509250,147
吴克群,1,娱乐,12437076,2508149,127
歪果仁在西安,2,生活,30251475,2504640,187
疯狂特效师,1,影视,19812249,2501432,67
幻想家japaul,1,旅行,18472814,2490651,122
芒果TV,2,蓝V,41360201,2488534,1990
盈搜科技,1,文化,6511462,2488283,67
香喷喷的小烤鸡,1,美食,11038790,2487513,274
你的芽芽,2,帅哥,8895245,2482307,7
袋鼠园长说育儿,2,母婴,7822698,2473878,405
想吃萝卜皮（我们学做菜）,1,美食,11586555,2470810,296
陈天鹏（刺激战场)自定义,1,游戏,12171589,2467964,207
龙腾宇,2,图文控,12718427,2465897,80
等你懂我WAIT,2,蓝V,10548333,2463990,101
刺激战场 可乐君,1,游戏,17167898,2461743,366
老黑,1,帅哥,13997239,2461374,68
大魔怼的小千金,2,蓝V,24747669,2461055,109
到车请故意,1,才艺,14253026,2460794,240
李嘟嘟,1,美妆,14262054,2460055,195
我们的天空,1,蓝V,43886150,2456663,762
老黄讲英语,1,文化,4909228,2452942,747
张辉映,2,美女,8327274,2448057,94
爱做菜的90后（大老王）,2,美食,8246986,2442747,238
郑湫泓Jade,2,音乐,9677955,2441916,260
杨阳（绝地求生）,1,游戏,13923884,2441766,109
懒厨房,2,美食,6525992,2441501,65
胡彦斌,1,娱乐,5312299,2440439,32
芝马快开门,1,其他,20796815,2436425,52
万毒王,1,体育,14155493,2436389,457
女生宿舍101,2,剧情,17836376,2436290,66
毛小兔Theresa,2,美女,23547254,2425515,435
瞎买课代表,1,生活,13300816,2422559,124
泽林呗,1,帅哥,32016515,2419919,169
土味食堂,0,美食,8039945,2418395,180
气质宝妈雪儿,2,生活,11013695,2417995,132
东方卫视,2,蓝V,38392190,2417966,652
进击的邮包,2,生活,9214189,2417471,69
百变萌宠妞妞,2,宠物,12972931,2414949,89
隔壁老樊,1,音乐,8029719,2408041,35
是你的很美味,2,音乐,13921885,2405555,128
达尼Dharni,1,音乐,10442356,2403472,219
戈姐聊美食,2,美食,13565524,2400544,142
果童大叔,1,文化,27766101,2400180,178
历史老照片,1,才艺,16440100,2399320,201
娱五爷,1,影视,47143729,2394292,258
柒号路人,2,生活,42467322,2394236,129
二龙湖浩哥,1,影视,2555850,2393668,23
郑美丽,2,音乐,4601281,2390705,160
平安重庆,1,生活,70064173,2388370,913
傻瓜英语漫画,0,文化,4756120,2387104,279
悟空闹电影,2,影视,13241720,2385380,868
超凡减脂营,1,生活,8267392,2383811,228
鮀鮀tuo,1,娱乐,16144265,2383578,205
小李朝ye,1,帅哥,21776249,2380339,190
开心糖水铺,0,剧情,11233541,2376949,13
祁隆,1,音乐,8008463,2375999,93
雪糕不是冰棍,2,宠物,25382283,2366792,262
勇全学长,1,音乐,17758245,2366687,119
四胞胎妞妞Double Double,2,萌娃,9241605,2365932,60
中国网直播,2,娱乐,47690160,2361082,599
小五酱👑,2,体育,8168456,2359357,314
陕西老乔,1,生活,10602028,2358113,85
沐沐大测评,1,科技,17036641,2351142,145
鲸鱼说英语,1,文化,4267651,2351053,312
安博英语基础点读机,1,文化,2859248,2350900,726
唐豆子🍬,2,蓝V,28255916,2342643,224
颜九的锅,2,美食,16114223,2341893,169
警察特训营,0,蓝V,17413204,2341032,256
海哥说车,1,汽车,8636603,2336863,838
小小旅游攻略,2,旅行,5778849,2336836,98
校长～,1,音乐,2301880,2336703,36
陈可心,2,萌娃,9200225,2334533,170
好物大测评,1,生活,14073915,2333635,94
刺激战场苗苗姐,2,游戏,3299871,2331722,12
山东武警,1,蓝V,49410428,2329740,307
打碗哥,1,音乐,13709459,2326860,123
九耳猫的美术课,2,文化,8594597,2326477,117
夏诗文shwin,2,美妆,9966107,2324020,272
梦塔动漫官方,2,娱乐,21809934,2323354,180
郑云工作室,1,影视,25494708,2322891,306
Oldhe老何🚲🚵,1,音乐,11772883,2322522,46
虽虽酱,2,动漫,15734158,2320430,117
电影收藏馆,2,影视,10969327,2312713,316
成都吃客,2,生活,27870367,2311497,271
创业找崔磊,1,科技,10111981,2310886,327
名侦探三井,1,文化,7164715,2308407,7
晏大小姐Vivi,2,娱乐,22013407,2308077,249
姜小团团,2,音乐,11900836,2307572,148
于子蛟,1,娱乐,11329028,2299947,252
郭艾伦,0,体育,5904819,2291816,10
步步成熊,1,其他,22628825,2288881,184
China伍哥,1,帅哥,25809173,2288575,180
OWE108东方职业摔角联盟,1,蓝V,16581877,2281567,150
天天向上,2,蓝V,13497313,2278035,370
秦鹏P的话,1,美食,9622786,2277764,195
是你蓝叔,1,帅哥,13151549,2276652,258
博思英语,2,文化,7965008,2275654,127
地理老师王小明,1,文化,6332986,2274980,33
孙陌Sunmo,1,生活,21597672,2271393,69
宝阳小可爱,2,生活,20582136,2267648,178
亦君小哥哥（游戏解说）,1,游戏,11622891,2264797,175
网不红萌叔Joey,1,帅哥,37682513,2263346,447
LoganPaul,1,文化,17911167,2263129,222
钢铁西游,1,技术流,16057227,2262702,74
韩安冉Abby,2,美妆,6118394,2259994,80
大呲花,2,动漫,14200241,2259185,91
吉克隽逸,2,生活,5896890,2258987,81
桃桃妈养娃记,2,母婴,8113905,2254703,196
仇志（文弘音乐）,1,音乐,11016362,2250523,132
懒星人家族,1,动漫,11253182,2250208,126
室内设计鸭,0,生活,6792355,2245684,74
btv暖暖的味道,2,美食,6161546,2244797,220
Beatboxer张泽,1,音乐,11609279,2244340,156
tot徐,2,美妆,6741502,2243856,46
逗比婆媳🏅阿聪同学,2,美妆,29508494,2241563,142
有点推理,2,美女,12894203,2232088,94
生活有智慧,1,生活,10774366,2226575,366
王浩轩,1,帅哥,16540015,2226195,167
刺激战场 逸轩,1,游戏,19236446,2225758,254
瑞风,1,才艺,11918117,2225358,44
阿里巴巴,1,蓝V,7988758,2223499,237
隔壁老外,1,搞笑,18391326,2219660,262
TS白小白,1,舞蹈,7237517,2217449,170
April的草莓啊🍓,2,美妆,16301693,2217143,145
六安特警,2,蓝V,62644329,2209815,483
TO舞团,2,舞蹈,9448868,2209200,218
Boogie93,1,舞蹈,28408717,2207944,774
保驾护航装修设计,0,生活,7270911,2200657,505
你的方宇杰,1,音乐,12702281,2200294,113
遇.瑜伽,2,体育,8314515,2196161,102
巴山美食,1,美食,10296212,2194682,156
企业家康飞翔,1,图文控,60702,2188217,23
情爱恋爱先森,1,情感,3414373,2187875,79
张呵呵的贪吃食堂,2,美食,17636371,2183794,184
音乐四虎哥,0,音乐,18107988,2183646,127
尚品宅配家居,2,生活,8657234,2175556,350
JJYOGA瑜伽,1,蓝V,4969818,2175334,145
求叔（装修老男神）,1,生活,5609169,2173578,158
六嘉,1,游戏,14132898,2172878,143
杨坤,1,娱乐,4816336,2169064,10
夏志远,1,帅哥,8336447,2168889,54
小麦肤色,1,舞蹈,26514191,2168463,220
sen sen,2,动漫,16613738,2165466,379
打不死的汪小小,2,动漫,20511501,2165167,5
火线妹,2,美女,14556760,2164888,174
煤炭哥,1,美食,10848707,2160960,78
柯铭,1,宠物,20306428,2153369,33
技艺坊,1,才艺,9123428,2153266,140
一栗莎子,2,生活,11274810,2152690,171
罗曼ONLY,2,美女,6297273,2152358,158
珍哥🙋🏻,2,美妆,17152136,2151955,122
生肖侠,1,影视,16004621,2151878,246
多保鱼选保险,1,文化,1465880,2151535,114
开言英语,2,文化,13120646,2149633,344
侃片张公子,1,影视,19457573,2145247,202
北京卫视档案,1,生活,11787002,2145104,179
历史五千年,2,其他,6536321,2137417,64
浩爷吉他教学室,1,文化,10985731,2132317,89
老梁,1,文化,2379038,2130828,128
辉哥哥很暴躁 🔥,1,游戏,20987503,2129024,141
豆豆_Babe,2,美妆,12489281,2127549,275
重庆陡BOY-宝日盛,1,生活,7618203,2126010,100
重庆言子,1,生活,20157524,2120856,285
育儿女神蜜丝懂,2,母婴,7026585,2117203,184
连炯,1,帅哥,24373460,2116972,134
河卜卜的momo酱,2,宠物,25048929,2114665,171
刺激战场 筱狼,1,游戏,12333925,2113980,165
皮一夏也温暖,2,动漫,16661194,2113548,78
陈仕贤Csx,1,帅哥,15695593,2113399,128
��星曝光🌟,1,生活,6692094,2112982,27
找靓机有料冷机识,2,文化,31243065,2111372,176
小米手机,1,蓝V,11764280,2110217,200
扶我起来我还能摇,2,蓝V,13849878,2107665,75
王牌对王牌,1,蓝V,17176897,2107181,312
雁姐美食,2,美食,9712851,2106025,53
郭俊辰,1,娱乐,2410560,2105005,4
名人金言,2,文化,5739281,2103993,133
啵啵乐,2,宠物,22181830,2100268,357
林航航,1,游戏,12542746,2100126,28
天宇盆栽种植,1,其他,3187231,2098775,330
哈西美食,2,美食,13143512,2097008,60
王栎鑫,1,帅哥,3839873,2096712,19
高能19妹,2,动漫,11279695,2095402,169
老高的小孕妇,2,蓝V,21660091,2095171,104
超酷的小阿坤,1,帅哥,12352888,2094307,232
脱单小师妹,2,情感,9381124,2093032,135
小布的日常生活,1,生活,22829390,2091085,242
远近渔,2,才艺,20990354,2090502,135
鬼才阿K,1,创意,24637981,2090487,60
哥哥和妹妹,1,萌娃,8551493,2090245,172
魔术飞哥,1,才艺,10913364,2089221,122
Joey土播鼠,1,帅哥,5185442,2086905,102
WOD世界舞蹈大赛,0,蓝V,9094525,2085379,173
EClife意思生活,2,生活,7501110,2084982,600
绝地求生,1,游戏,9288226,2083701,58
触摸重庆,1,生活,19855175,2083421,408
嗨皮胖胖66达顺,1,宠物,26551903,2083090,160
李怕怕,2,游戏,14902874,2083021,104
世界之最,1,文化,20475393,2079775,95
王孟南台球教学,1,生活,5471210,2078009,71
Miss韩懿莹,2,美女,5619805,2077872,48
马壮实,1,美食,6215087,2075920,120
醉鹅娘,2,美食,4822316,2074932,244
最美古诗词,1,其他,3027835,2074203,32
猫七,1,游戏,17829541,2072041,272
小香吃鸡,0,游戏,11147810,2071411,72
七圆说,2,影视,20359455,2070546,191
DADA与她的船长,2,生活,12929797,2070232,57
左小贱右小猪,0,技术流,7532447,2069140,12
李梦恩,2,美女,10814160,2067429,100
新青年,2,蓝V,50859112,2065211,860
瑞比,2,其他,20050318,2063551,162
王小二是大戏精,1,帅哥,13871032,2062950,80
小蛋黄omi,2,美妆,25218558,2062477,243
画界悟空,1,文化,3153352,2062033,105
小宇哥Aaron,1,帅哥,9664599,2061482,132
小沈教你学面食,1,美食,5474449,2059562,91
单词天天背,2,文化,3605949,2059476,266
造就Talk,2,蓝V,9995560,2059015,3231
绝望的充电器,2,宠物,32138015,2056204,607
琨哥,1,图文控,6459928,2054783,177
积极向上的老王,1,生活,16239195,2054167,65
哎呀酋长,2,游戏,16686367,2052753,333
王美丽啊_,2,生活,29224197,2049804,150
头条正能量,1,生活,23770252,2048514,178
红星新闻,1,蓝V,33602886,2045497,13
刺激战场🔥小飞,1,游戏,9142266,2044826,144
国民校草君,1,生活,19405081,2040052,470
厨房帮帮,1,美食,6018823,2039338,134
亦成（高能舞团）,1,舞蹈,15592979,2035360,109
阿仟,1,才艺,38986749,2030583,352
Ming周智明,1,才艺,9562313,2029861,99
��🇦泺熙Nicolas,1,美女,22716572,2029821,128
阿衰,1,动漫,7317675,2028637,63
跟大熊玩英语,1,文化,5096731,2027163,401
鬼鬼天天,2,穿搭,18117658,2025723,58
筛哥说车评车（专业说车）,1,汽车,4050709,2024376,60
夏xixi的小推荐,2,生活,16993830,2023595,373
讲道理侠,2,生活,18864105,2021678,119
新思维学院,1,文化,10390529,2020435,136
Jony正能量,2,生活,8171512,2019888,162
短视频秘诀,1,其他,546734,2017126,126
橘大郎,1,动漫,15960030,2017074,187
摄影师-雲Sir,1,才艺,13184970,2015436,300
皮皮爱英语,2,文化,6915084,2014144,413
赢在起点宝宝语言力,2,文化,6093638,2013966,388
王贝宁Beira,2,舞蹈,22782084,2013787,215
萌武林,1,蓝V,12236008,2013697,47
蛋黄猫,1,动漫,13146652,2013674,150
爱美食🍱点食成金,2,美食,7655377,2012669,344
肉脸橙,2,音乐,17211777,2011935,102
大漠的旅行,1,旅行,11667013,2011443,284
魔术师阿峰,1,才艺,11065640,2009768,57
浣熊学长,1,技术流,6813107,2009724,43
吃货哆哆,1,美食,17190991,2005402,198
钟倩儿,2,美女,14956656,2005135,559
千万不要买,1,生活,12988159,2004678,207
向子蛋飞（哈士奇）,1,宠物,27820125,2002851,216
会读心的紫琴,2,美女,7796405,1999482,15
迷人的陈三,1,帅哥,12948547,1997780,107
萱萱,2,萌娃,11300865,1997517,150
人体彩绘kika,2,手工手绘,8323164,1991905,58
喵不可言,2,手工手绘,38389609,1991590,44
EASIN国际义工旅行,2,生活,35263950,1989476,94
安生的爸爸,1,宠物,22614149,1989473,176
懂车帝App,1,蓝V,16831357,1988850,187
呼噜怪,1,情感,16495631,1987712,81
装修不求人,1,生活,4120035,1987607,221
刺激战场 朴生pusheng,1,游戏,12548247,1986152,81
花花与三猫CatLive,2,宠物,18444661,1985442,181
中国烹饪大师郝大厨,1,美食,4709512,1985291,84
纸上喵酱爱画画,1,手工手绘,11082466,1984479,371
瞎剪君,1,影视,20952223,1981557,135
英雄联盟,2,蓝V,21486383,1974750,575
网易第五人格,1,蓝V,22341849,1971954,212
互粘网大叔,1,蓝V,12618158,1965811,446
外洋知事,2,其他,38752851,1964816,559
沈妍,2,生活,11901155,1962250,344
舞者 木贤,1,舞蹈,13494891,1955192,79
大耳狐英语,1,文化,8333714,1954802,425
于全通百货商店,1,其他,6999431,1952896,104
好奇学院,1,情感,24447698,1950238,43
森哥(刺激战场)自定义,1,游戏,5953432,1946637,107
教你一招,1,生活,8976367,1945147,186
扇贝每日英语,1,文化,11457201,1945009,457
Dr.魏,1,文化,3381972,1944884,78
AJ处长,1,生活,8891305,1944504,139
路路迷路路,2,游戏,19085339,1943431,241
丸子同学,2,美女,18871145,1942509,94
木籽食语,2,美食,6257406,1941175,67
正经游戏,1,游戏,9873252,1941045,143
爱生活的Tom嫂,2,生活,9425407,1940932,69
黑人女婿伊博,1,其他,20336398,1939401,107
糖果小饼干,2,美女,11315504,1934413,129
生活小妙招,2,生活,8329477,1933469,61
DioDes,1,游戏,13278452,1933316,164
李沈寄,2,才艺,9827078,1925075,69
晓辉在路上,2,资讯,81743305,1923866,388
漫剪,1,动漫,20266443,1923368,124
这就是葛老师,2,帅哥,10675593,1921412,419
瑞娜Reina （ 放开我北鼻）,2,萌娃,7620940,1920777,960
小七育儿日历,2,图文控,8502460,1919159,302
宝宝玩英语外教联盟,1,文化,1759033,1918909,134
痴鸡小队,0,游戏,6232396,1916363,77
光速超跑,2,蓝V,7960534,1914117,45
食堂小阿姨,2,生活,15498670,1914041,93
Jackson周嘉诚,1,萌娃,3313397,1913918,82
你的年达,1,剧情,15624513,1912168,60
王者荣耀小棉花,2,游戏,27058544,1908405,614
爱做菜,1,美食,5128292,1907827,314
二丫小妙招,2,生活,8679508,1906996,154
琳姐的右眼,2,文化,8597650,1904409,40
车之轩,1,汽车,7602683,1903013,235
拾味君,1,美食,9617088,1901119,34
涵大叔,1,其他,6030924,1900736,65
办公技能,2,科技,2032912,1898855,92
巧麻麻🔥🔥,2,宠物,17984811,1898433,105
苏易Pro,1,帅哥,18660115,1897343,99
桃花娘,2,游戏,11210684,1896528,190
小奶恩,2,萌娃,17388402,1895797,325
Erbi陳有病,0,生活,20077812,1893969,210
阿伟,1,科技,3945794,1893788,83
视觉盛宴,1,其他,14899323,1893192,795
唐司令说电影,1,影视,8806918,1889417,720
��动态壁纸,0,图文控,8958393,1884958,700
刘洹带你瘦,1,体育,5057098,1884433,40
鹅弟马鸭,0,搞笑,15923406,1883888,201
艺术家了没,2,手工手绘,30223325,1880749,164
曾莹🐰Bubu,2,美妆,6968072,1879226,127
宝儿❤️妞妞🐶,2,宠物,11864211,1878575,265
爱车课堂,1,汽车,6630250,1875488,171
懒饭下午茶,2,美食,7446678,1875222,212
戴建业,1,文化,4055925,1872244,132
懒人美食,2,美食,5061169,1870759,269
黄圣池,1,娱乐,3775143,1868465,14
蚯蚓-不齐舞团,1,舞蹈,9353303,1867243,35
奇闻异事,2,文化,12234409,1866465,150
韦小宝撩情话,1,其他,5093124,1862719,140
解放军新闻传播中心融媒体,1,蓝V,32014747,1849573,243
一颗小酒,2,美女,30231193,1848028,320
泡沫姐妹,2,美女,18830808,1845427,102
李耀阳,1,美妆,5195260,1843515,89
宇宙护卫队,0,动漫,10577964,1843336,149
会读心的晓姐姐,2,情感,3936665,1840279,96
信口开盒,1,美食,13745207,1839844,193
南京攻略,2,生活,15731598,1839499,433
吃泡面看电影,2,文化,6769709,1837558,584
科学宇宙（锋轮）,1,文化,5805502,1836700,120
魔力美食,2,美食,7854967,1835867,328
辰TK,1,美妆,7956062,1835042,107
刺激战场 小豆,1,游戏,7269368,1832155,85
创意家居,2,生活,5894234,1830392,314
户外大威（野外探险求生）,1,生活,7627113,1828252,161
兰心老师,2,母婴,2273643,1827424,306
大成Excel超级狗,2,蓝V,1743091,1824718,135
林懿宗,1,其他,8611321,1824696,130
君泽（最帅吃鸡选手）,1,游戏,11941258,1824509,98
你的专属厨男,1,美食,6927541,1822109,68
小茗同学,1,蓝V,7258089,1821473,46
两米小厨娘,2,美食,5355787,1819691,190
育儿简笔画,2,母婴,3918996,1819517,118
马永新Man,1,帅哥,8712035,1814478,283
段大超搞笑吃鸡,1,游戏,13989889,1813488,246
成记美食,1,美食,7774965,1813385,44
忠嫂,2,其他,6642733,1807854,29
顾老师看世界,2,文化,4789715,1804592,86
玩点新科技,1,美女,6872854,1801636,169
每日瑜伽,2,体育,3615730,1799997,192
博美会武功,1,宠物,4923503,1796930,46
Cici英语领读课,2,文化,4969090,1796088,237
厨娘物语c小鹿,2,美食,5406306,1795832,306
世界奇闻怪事,2,文化,6951251,1793022,116
卤人甲,2,蓝V,12952175,1787088,154
艺星最帅,0,游戏,20329633,1786630,212
爱做饭的千千,2,美食,11845536,1785279,142
小仙爱生活,2,生活,5350960,1784456,246
你小佑哥哥,2,动漫,19022207,1778103,95
诤友,1,其他,20850595,1774999,298
拉布拉多霸道小七,2,宠物,24060813,1771456,420
子夜,1,舞蹈,18763526,1770434,84
CF景阳·拍手AK原创,1,游戏,11099169,1770267,115
叫我星哥吖,1,游戏,20638224,1769350,171
蛋黄爸育宠课堂,1,生活,7667947,1768584,288
凌七七,2,游戏,13980881,1763975,235
世界之最,2,文化,13635484,1762634,163
王者荣耀小新新,1,游戏,8148330,1761709,194
树洞里的M殿,2,蓝V,16910971,1760271,81
汪哥说电影,1,影视,8046614,1759043,865
中国海军,0,蓝V,19248966,1756153,108
小胖科学家,1,宠物,18785080,1755502,145
宝宝美食,2,美食,3201134,1755139,399
不胖美食,2,美食,5334692,1754556,136
机灵头,1,舞蹈,9508139,1754050,54
解说小鱼,1,游戏,19263692,1752768,259
孽谨七🍂,2,其他,11906423,1750542,114
可爱的金刚嫂,2,美妆,12198420,1750541,237
雯雯要你瘦,2,体育,10248603,1748347,111
笨死的罗二狗,1,宠物,12949266,1747908,126
阿阿阿阿飞,1,舞蹈,18497073,1747160,72
锰了个宝,2,美妆,5787218,1744953,67
老撕鸡,1,游戏,8647931,1744694,125
英语基础梁老师,1,文化,1084991,1741790,123
薄荷健康,2,美食,5400466,1740313,318
陈翔,1,其他,2194616,1739744,31
AK游戏解说,1,游戏,8103777,1739197,194
搞视TV,2,其他,20090943,1738665,194
招财童子,1,蓝V,9783815,1737632,140
龙又,1,游戏,9590244,1736814,87
造食日记,2,美食,7790942,1735583,220
第五人格才才Cary,1,游戏,27708400,1734383,733
香香手工,2,手工手绘,7025821,1734266,181
老阿姨Mia,2,娱乐,5589770,1731293,307
美少女壮士爽哥,2,美妆,7899214,1729430,158
小馒头•手绘,2,手工手绘,10761820,1728318,131
韩国媳妇大璐璐,2,美食,12894545,1727455,193
贝贝粒育儿,2,文化,3847308,1722003,487
苏万同志,1,游戏,10502013,1720297,132
早餐欢宝,2,美食,12769890,1718633,204
大白外教英语,1,文化,11519420,1715658,227
时光侦探,2,剧情,5820672,1714617,6
好书博物馆,2,文化,11508212,1713606,89
啾啾妹CHUCHUMEI,2,动漫,15611040,1713487,166
蛋不安静,1,宠物,17700949,1708393,99
捕捉一只呆晴🐣,2,萌娃,5796568,1708218,66
夜读,2,文化,10264194,1706920,398
教子有方,2,母婴,4218689,1706853,46
知竹zZ,2,美女,10478775,1705600,117
高考数学大神程伟,1,文化,6021184,1704582,207
老卢Excel不求人,1,蓝V,1171963,1703923,38
王者荣耀夜壶,1,游戏,14767786,1703867,107
..美阿,2,美妆,7858734,1703398,103
汽车之家,0,蓝V,1896629,1703213,275
我叫小翔宝,1,萌娃,22794922,1701074,388
王者荣耀,2,游戏,8469590,1698830,536
邓小七,2,美女,17461691,1698184,139
茄子炖豆角,2,美食,5617415,1697348,157
萌宝熙熙(熙宝和大姨),1,萌娃,9217236,1696190,208
男幼师糖果哥幼儿舞蹈分享,1,蓝V,4575899,1696168,115
有毒的照片酱,1,才艺,4715607,1692723,57
高手电竞,1,蓝V,9710752,1690815,357
网易娱乐频道,2,娱乐,49263272,1687991,2457
花轮同学,1,才艺,10329797,1686205,118
猫屁屁殿下,2,动漫,10980765,1685483,129
Excel办公教学,2,蓝V,1823247,1685212,19
小范歌,1,其他,5710900,1684746,269
PPT之光,1,科技,1857712,1678318,112
极品吃货王大山,2,剧情,14607102,1676425,68
忘忧   刺激战场,1,游戏,3723860,1674219,67
两毛钱剧组,1,剧情,20262073,1669643,278
每日小冷,1,搞笑,911150,1668394,251
夜猫动画,2,动漫,9720759,1668285,797
面食吧Bar,1,美食,4886428,1667831,292
香蕉街拍ChicBanana,2,娱乐,8601827,1667108,107
狸儿手绘,2,创意,11347698,1665231,214
成都街访.艾觅传媒,2,生活,10369784,1665003,42
妙招君,2,才艺,7752270,1663737,82
东门魏官人,1,宠物,17492499,1663704,580
小猪猪手绘,2,手工手绘,10453685,1662464,58
麻辣鸡哥,2,美妆,8400788,1662153,100
毕枷锁手绘,1,动漫,7660511,1661244,78
Ps教学（小八）,2,才艺,1842532,1659974,168
郑多燕,2,体育,930860,1659064,34
会说话的车太闲,1,汽车,2973070,1658340,199
郭教练篮球教学,1,体育,5212918,1657452,389
��欢欢乐乐👭,2,萌娃,14520682,1655039,192
静家常菜,2,美食,8579236,1654076,297
五好犯罪心理分析,1,文化,2511387,1653186,151
MOK少年团,1,帅哥,7796985,1652371,190
车圈昊哥,1,汽车,5354221,1652152,114
猴哥说车,1,汽车,3621646,1652076,166
老卢Excel达人,1,科技,1457196,1649169,66
Chefclub,2,美食,9495349,1648876,90
阿蔡美食雕刻,1,美食,11402660,1647529,474
穿花皮鞋的猫,2,生活,5188741,1647409,146
梁小厨,1,美食,9942383,1643451,133
卡卡西和玩具(婴幼儿),1,生活,11013749,1642384,158
王稳健233,1,游戏,27227418,1641956,252
暴躁兄妹,0,美妆,10105623,1641723,203
胤川,2,动漫,22741770,1640813,198
刘漂亮,2,美女,8646040,1640497,99
星球上的晶晶,2,美女,7176791,1638652,80
宋宇神速数学-高中初中数学,1,其他,4514010,1638180,137
Urban Dance TV,2,舞蹈,11741103,1636929,702
刺激战场 可乐君,1,游戏,11029768,1635873,252
小国宝搞笑吃鸡小品,1,游戏,16082964,1635747,114
贪吃广州,2,生活,14484817,1635258,300
智哥大叔,1,生活,6009672,1635200,288
和歪果仁说英语,1,文化,18752878,1634012,256
神白C,1,创意,5868866,1633121,55
look大叔,1,美女,11705637,1630133,415
皮厨大叔,1,美食,6445651,1629421,168
小颠儿kini,1,娱乐,9431224,1629178,321
办公科技园,1,科技,2541049,1628009,593
知书,1,文化,4222160,1627568,10
韩怼怼,2,美妆,6219314,1627387,40
墅帮帮官方,2,才艺,2451837,1627313,177
郑州市方团辉逍遥镇胡辣汤,1,美食,6187186,1626768,656
三胞胎天之文,2,萌娃,6954685,1622348,98
潇洒的头叔,1,帅哥,4136226,1622297,93
求真,1,文化,12729705,1619960,242
小黄人的麦克风,1,游戏,9752201,1617950,70
太子先生,1,宠物,25509294,1616630,82
大吃货发兔,2,美食,9887807,1616406,78
什么值得买,1,生活,4316822,1614953,231
彭城二妮,2,其他,14250071,1614441,45
城市不麋鹿,1,美食,9754650,1614198,90
炫羽.Derek,1,娱乐,14523725,1613830,77
晓雨哥哥下厨房,1,美食,7166168,1613816,156
只露声音的宫殿君,1,才艺,4161101,1613588,625
刺激战场 明加,1,游戏,8439905,1613154,114
马未都,1,其他,3623449,1612885,196
十点视频,1,文化,10291101,1610916,116
独舌娱乐,2,资讯,35108475,1610751,928
熊小狗,1,影视,12948891,1609412,136
Excel办公技能,2,其他,1568272,1609111,70
小缸和阿灿,1,美食,12470847,1608272,202
教练的账号,1,动漫,7274345,1606388,298
刘阳Cary,1,其他,9534122,1604222,71
1M舞室Fanclub,2,舞蹈,4297592,1603532,685
井盖小分队,1,美食,12282998,1601697,738
刺激战场 苏哲,1,游戏,12093825,1601272,199
子娴Kiyomi,2,其他,8539259,1600716,98
天天研习社,2,文化,6946311,1600286,141
艺术小哥哥🔥｛招生｝,1,文化,12697047,1598411,239
虎牙筱倩,2,音乐,14376836,1595839,256
浮生当铺,2,剧情,3918548,1595608,29
黄河电视台,2,蓝V,50645288,1595212,632
宇文及格,1,游戏,17701342,1595105,135
声思英语,1,文化,2559423,1594606,31
游戏玩家～可乐君,1,旅行,2935176,1593794,94
房琪kiki,2,旅行,5621052,1592982,37
��羊🐑,2,文化,11704733,1592928,219
湖南卫视王琴工作室,2,蓝V,5858099,1592478,48
无敌雷小米,0,美女,11410786,1592166,137
萌之泪伤,0,游戏,9930625,1591526,88
小不忍则卖大萌哥,2,娱乐,9185517,1591120,214
王者皮皮怪,1,游戏,18994516,1586196,139
韩老师666,1,体育,7206769,1584889,367
CF女帝(全能女神),2,游戏,11273413,1584748,189
笑文WenWen,1,娱乐,4469107,1583919,65
牙医长晟,1,其他,15083104,1579235,172
��欣崽,2,音乐,9091340,1576487,149
探探猫与小伙伴,1,音乐,12468437,1576140,121
点点老阿姨,2,才艺,10917402,1575985,225
痣多馨koko,2,美妆,10886917,1575811,596
转角遇到游戏姬,2,游戏,11459842,1575298,340
刺激战场晓超,1,游戏,6970688,1574692,244
柳实说车事儿,1,汽车,4078863,1574668,116
励志语录,1,图文控,10661627,1573776,203
小西西,2,汽车,9733982,1573168,295
皮哥,1,汽车,4924653,1572661,110
小曲―二宝聪明八哥犬,2,宠物,13468177,1571944,555
路人王篮球,1,蓝V,19214985,1570887,1580
嘻哈萌宠屋,1,宠物,4875865,1570779,24
抖创意,1,娱乐,15093180,1568797,650
喵格singherC,2,美妆,13841488,1568271,546
Rika_花花,2,美妆,11631448,1565770,192
绝地求生,1,游戏,13207148,1564514,0
河南广播电视台小莉帮忙,0,资讯,12830688,1563416,434
伊凯saar,0,创意,4620450,1561257,19
亚都科技（海哥）,1,科技,9747757,1560613,152
April的草莓啊🍓日常号,2,美妆,12763695,1560494,52
动物世界郑开司,1,其他,5953985,1559801,42
徐小仙儿,2,音乐,9911060,1558741,106
爱冒险的Angelina,2,美食,5338431,1558647,98
三鲜视频,2,生活,7927137,1555532,107
新鲜舞团,2,舞蹈,7248032,1555503,106
榜单控,1,影视,12133299,1554242,162
本冰,1,体育,8633306,1553486,100
唐璇Lolia,2,图文控,4347274,1553101,46
孙坚,1,舞蹈,2491975,1552634,28
飞碟说,1,其他,4832778,1550383,108
潘潘kiwi,2,娱乐,6915732,1550332,163
宝餐一顿,2,美食,10963329,1548099,272
久九（刺激战场）自定义,2,游戏,6347988,1547800,175
蓝小爸,1,穿搭,22308548,1547266,187
随风视频,1,游戏,11782789,1547015,694
凤凰卫视,1,资讯,25435822,1545224,425
刺激战场杀鸡（带粉小霸王）,1,娱乐,8242132,1544477,37
Cindy👄,2,美女,13913851,1541024,262
亦秋小哥哥,2,游戏,10089535,1539582,149
每日妙招,2,才艺,7261191,1539577,127
晨辰,2,手工手绘,9364816,1538681,208
温柔鲁叔,1,帅哥,20255918,1538525,120
智慧习字,1,才艺,1827625,1538262,131
Gary成旭,1,帅哥,21001491,1535805,131
街拍Vego,1,娱乐,16292951,1534100,221
内地张柏芝,2,动漫,7618695,1532888,24
铲屎官阿程,1,宠物,7832289,1532243,168
水星影娱,1,影视,5389275,1530522,419
撸铁小少爷,1,体育,2988806,1529831,60
神奇画笔🍀,2,手工手绘,8171413,1527056,85
小蜗的香水日记,2,其他,1307351,1526824,28
巴拉巴拉小魔宣,2,才艺,9843628,1526493,81
十三是个画画的,1,手工手绘,9894415,1524882,278
懵圈妹妹,2,美女,11198508,1523603,220
哼哼别停,1,影视,9331459,1523575,53
国学名师讲座,1,文化,6368402,1519455,0
金毛～路虎🐯,1,宠物,13381825,1517545,38
中国日报,1,资讯,23005482,1517253,252
胡小馋,2,宠物,17246588,1515964,174
红绳缘编织人生,1,才艺,3348159,1515916,512
百变中哥,1,生活,23281446,1512494,90
找靓机科普,2,科技,28492150,1512305,124
吃鱼的小白,1,创意,11719075,1512046,237
✨虎牙妹妹😸,2,美妆,19234645,1510469,191
郑印灏Yinhoo,1,帅哥,13907262,1510098,333
美芽,2,美妆,9127688,1503201,434
依旧你雪,2,其他,9891979,1501297,88
汪柴主,1,宠物,10309530,1501273,186
��诸葛胖😸的幸福生活🌺,2,生活,8719363,1501042,104
俺是涛哥,1,才艺,13214214,1499720,85
暴走萝莉-尧洋,2,美女,15509060,1497548,217
黄胜兴（搞笑大孙子）,1,搞笑,17769244,1497346,216
哆啦瑞风,1,才艺,6802492,1496752,32
一痕老师,1,手工手绘,8737670,1496137,88
你眼里有星星,1,其他,4405183,1489943,2
刺痛我   -（收学员）网络教学,2,手工手绘,11424085,1489621,226
卢战卡,1,文化,4350846,1489488,266
久牛星-牛哥说车,1,汽车,4431461,1488611,167
以为会化妆,2,美妆,7786524,1487359,133
爱拍照的崔大桃,2,才艺,4719756,1486347,47
分手照相馆,2,情感,4205646,1485987,27
糖豆简笔画,2,手工手绘,3938596,1485660,407
麻团与叮叮,1,文化,9320323,1485234,214
office技巧,1,其他,1914347,1483517,435
零食大测评,1,生活,7289495,1482298,144
Jason,1,萌娃,7164702,1481167,150
极客实验室,2,科技,6255384,1479558,103
☀️小燕窝☀️,2,美女,9443570,1478271,184
葫芦兄弟,1,美妆,5907051,1476784,23
石年说创业,2,科技,3904059,1476657,107
好好说话,2,影视,7469110,1475847,155
闯非洲小胖子,1,其他,24139374,1474937,501
是老胡没错,1,生活,6596878,1471328,61
阿零Robo Zero,1,帅哥,6540589,1470380,61
礼物大魔王,2,其他,9577671,1470258,147
Valeska侯洛洛,2,美妆,7826546,1469982,123
黛小菓,2,舞蹈,12186545,1462741,253
百马推理,1,影视,9387546,1460076,163
爱笑的大雄❤️,1,美妆,17488384,1459807,171
AK阿轲,2,美女,9128604,1458773,35
口罩小哥哥@,1,帅哥,13391746,1457860,137
欣小萌有点污,2,美女,5580956,1453109,40
电脑干货,1,其他,2551848,1452537,60
丁小猪的妈妈,2,美食,6495625,1451943,81
作家记,2,其他,2776949,1450717,102
小魔王Z,1,创意,5948955,1448642,57
亿元亿元,2,生活,14379693,1448129,260
果果家女装GGWOMEN   壹杭,2,美女,8396330,1447482,134
曲奇宝贝,2,手工手绘,7619949,1447184,301
博士妈妈谈育儿,2,母婴,3187115,1445974,73
95后一场梦,1,影视,25375904,1444245,257
绝地求生情感君,1,游戏,8842028,1443213,130
涛哥测评,1,科技,12231368,1443161,636
郎影,1,影视,26082098,1443038,223
姚蜜蜜,2,美妆,9399732,1442638,203
健身微课堂,1,体育,3526451,1441995,173
天气晴,1,宠物,18541237,1441712,605
PS,1,才艺,2399859,1440497,160
李恩雅Honey,2,美妆,5113044,1437619,196
鱼小乖真人编发,2,美妆,4676825,1437453,740
西格格不听话,2,美妆,9106427,1432183,142
李冠宇,1,图文控,504186,1431872,11
AC精致生活,2,生活,3562460,1431859,177
喜宝爸爸-早教日课,1,其他,2706657,1430221,192
软软科技馆,1,生活,6882040,1430217,90
小可爱wuli,2,美女,3432204,1426679,394
瑞儿fox,2,美女,9004042,1425568,267
家居设计精选,2,生活,3992720,1423871,202
周彦辰,1,其他,3288834,1423783,9
中国法院网,1,蓝V,9310513,1423397,599
二虎是只心机猫,1,宠物,10444427,1421750,76
DR李字幕组,1,其他,11568986,1420852,53
拎壶冲、,1,宠物,14872924,1413977,326
CCTV1等着我,0,蓝V,11636686,1413829,92
JC舞蹈训练营,2,舞蹈,4083915,1412751,350
叶河林,1,美妆,4588475,1412558,14
书单精选,1,其他,5271627,1411684,489
八亿潮男,1,文化,8519784,1410298,134
惊人院,1,剧情,8742532,1405390,94
果儿Dora,2,美妆,8530561,1404875,357
桃子爱旅行呀,2,旅行,5206757,1403274,56
大小v,1,萌娃,10646734,1403067,203
日常网络,1,体育,2743659,1403012,272
火皇皇,1,创意,6018982,1401391,26
��大美丽,2,美妆,6528750,1401084,81
青山院长橙蚊蚊,2,其他,8612687,1400683,257
英语小情书,2,文化,5401392,1399902,245
阿酷粑粑,1,宠物,18338372,1398298,167
狗粮来啦,1,情感,18685296,1397977,83
变美情报局,1,娱乐,7385760,1394310,119
武轩,1,穿搭,5288827,1393573,172
巴顿patton,1,宠物,14588842,1391444,231
狮子陪我,2,萌娃,9451669,1391432,150
超仔讲手机,1,蓝V,4945269,1391227,247
一木花卉,1,生活,3117806,1391036,350
睿夕女装,2,美妆,9830781,1388536,303
戰輝,1,帅哥,19785754,1386994,330
SUAT栗砸,1,创意,12226013,1385004,184
凡凡WannaBuy,2,美妆,3041755,1384534,229
PANDAPIA,0,宠物,15314953,1383748,167
教主V,1,游戏,7901365,1383389,175
解放军生活杂志,1,生活,13415567,1382150,227
iPhone使用技巧,2,其他,2675102,1379522,124
涵哥很酷oO,2,萌娃,15724330,1379382,305
星铭！,1,动漫,20201831,1378390,79
熊爸爸,1,母婴,25935928,1378127,158
韩宇531,1,帅哥,4849838,1377702,96
儿童语言派,2,母婴,2950617,1376541,195
小灰灰拍照教学,2,才艺,4044190,1376031,137
徐水郭征,1,蓝V,14666250,1376012,38
全是新科技,1,科技,5078247,1374808,100
龙四影视大全,1,其他,8431913,1371821,220
甜甜萱,2,穿搭,9512860,1371439,150
酱肉冷知识,2,生活,16000093,1371071,197
夏天的冷笑话,2,宠物,4767840,1370590,44
小熊奶黄包,2,手工手绘,8799130,1369663,155
吾聊诗社,2,其他,4971586,1369569,94
拆二代胖虎很嚣张,1,宠物,15906220,1367213,149
晓说,1,娱乐,2471082,1367200,518
康硕暖阳,1,才艺,8844475,1366558,838
PS之光,1,才艺,1563678,1366144,134
二多,2,舞蹈,4975449,1365143,754
我叫大星君,1,娱乐,6784085,1364560,48
六二二同学,2,美女,10086044,1361611,146
酷酷的滕,1,其他,2590186,1360916,0
小路同学,1,图文控,10837662,1360346,221
CGTN,1,资讯,29582606,1359526,351
盈妹妹,2,旅行,8504789,1358874,96
PS 💯零基础         🕷,2,才艺,1879254,1358738,108
Excel加班妹,2,才艺,2014341,1357913,132
女汉子说电影,2,影视,5366624,1357436,232
芒果都市,2,资讯,57700654,1356947,1302
刘东ryuutou,1,美妆,13143304,1356806,229
生活真奇妙,2,生活,6537459,1355924,435
苗条的李富贵,2,宠物,10238624,1355671,254
铁头妹妹,2,娱乐,9769141,1355252,143
小丽说电影,2,文化,7966457,1354813,568
极果,1,科技,6934437,1354560,311
永乐微警,2,蓝V,39802852,1354126,494
改造家🏠,2,生活,3259199,1353294,296
天生萌希女宝,2,才艺,4434448,1351830,45
精分豆嘉嘉,1,娱乐,6904169,1351562,75
迪迪仔,1,生活,5464883,1349543,60
有腹肌的小婷妹,2,体育,4127538,1347564,304
不安分的雨,2,其他,3567221,1347304,66
人生要有反弹力,2,文化,12443030,1346204,100
李佳薰优雅仪态气质修炼,2,文化,3159540,1345271,200
满分Excel 💯,2,科技,1438756,1342871,269
六六和九九,1,情感,11459487,1342781,70
玉头的造物集,2,才艺,5118899,1342460,207
超人宏,1,其他,12726604,1342051,63
李佳琦的小助理,1,美妆,5522799,1341044,20
叫我小美老师～,2,舞蹈,5335136,1339936,614
麻瓜日记,1,宠物,10496680,1338597,79
编织基础教程,2,其他,3497022,1338423,97
阿凯超机智,1,搞笑,6875066,1336044,70
飞虎【擒拿格斗】,1,体育,3093112,1335410,123
空空手机教学,1,才艺,2471026,1335341,93
混沌大学,0,文化,3366301,1335307,176
异视觉,2,影视,12346438,1334389,594
赤木明星情报局,2,美妆,10370486,1334186,234
从零开始学英语,0,文化,329380,1332472,207
瓜瓜小姐,2,美妆,8021936,1331463,63
张大宝,2,美女,7738218,1330989,100
誉姐的喵喵,2,美女,7021938,1329043,60
巴啦啦陈师傅,1,技术流,9356358,1326960,122
小米粒☦︎,2,蓝V,22680268,1325987,226
小熊猫的CC妈,2,美食,3673001,1325327,119
张钊玮丶,1,舞蹈,9248242,1323387,120
荧光小背心,1,旅行,8369658,1322479,20
千聊育儿,2,母婴,6635243,1321686,210
李李李婉君,2,蓝V,10084369,1320557,158
韦神_GODV,1,游戏,3069124,1320292,19
欧米,2,才艺,5451341,1320274,40
创业俱乐部,1,科技,3544609,1318755,291
Word超级狗,2,科技,1470081,1318582,94
章鱼哥,1,美妆,19100880,1318250,218
Joyce_柚子,2,美女,9495330,1316952,123
@黑神,1,才艺,6282958,1316083,62
黎拉的坏品味,2,生活,6859950,1315427,259
亲子育儿简笔画,2,母婴,3625124,1315167,373
candy✨七七,2,美食,4891813,1312584,74
老贺讲手机,1,才艺,6296705,1312567,92
吴夏帆,2,影视,9210650,1310718,117
小小苏妈妈,2,美妆,7917119,1310353,182
FAST4WARD,1,蓝V,4845440,1309650,255
车坛老炮儿,2,蓝V,11624430,1307839,212
双胞胎大大二二,2,美妆,14563735,1307660,109
Excel技巧,1,科技,1516864,1307624,48
金恩小耳朵,2,美妆,3530826,1307175,12
电影剪辑手-爱德华,1,影视,24250250,1306402,64
LyXin,1,体育,7576178,1305353,73
李点点,2,动漫,5957435,1305113,206
脑爷家的猪猪和天天,2,宠物,5830395,1304748,41
麦德氏宠物,2,蓝V,27089009,1304013,183
小豆芽妈妈,2,母婴,7730896,1302829,168
花粉儿测评,2,文化,3277698,1302192,133
温州商报,1,资讯,55645183,1302097,1355
小侠说电影,1,影视,5399406,1300153,479
每日干货,2,文化,9692343,1299794,138
小央视频,1,资讯,20574923,1299253,659
叫我狍子就好了,2,美女,10761966,1298287,86
解忧服装店,2,穿搭,2816319,1297730,19
车界老陈,1,汽车,3204387,1296446,87
1MILLION_OFFICIAL,0,蓝V,2247357,1295790,139
女生宿舍日常,2,生活,6184429,1293612,130
文西与阿漆,1,音乐,6694140,1293266,168
青暮从山,1,影视,4883447,1292806,113
PR剪辑之光,1,才艺,2854864,1292531,124
小杰特效师,1,创意,16223568,1291042,102
大蛇意匠建筑,1,才艺,1627086,1289647,48
八戒讲电影,1,蓝V,5642655,1289063,817
请叫我中分Boss,1,体育,11386399,1288933,158
穿上婚纱去旅拍,1,旅行,8788019,1288863,243
elena-piddy皮皮雯,2,美女,7782643,1288534,160
亦坤（高能舞团）,1,帅哥,9080144,1286779,73
HOIEE元气丸子,2,娱乐,4466986,1286739,87
伟妹妹,2,美妆,19881734,1283055,164
蕾蕾的小麦霸们,2,蓝V,9696226,1278736,344
哇咔咔boy天坑貂蝉 唱歌贼难听,1,图文控,19857393,1278292,281
李二狗克力克,1,宠物,23773395,1276572,303
老倪青钱柳,1,旅行,9689614,1275213,685
晖弟的春天❤️,1,剧情,17527975,1274454,71
蛋壳宝宝,1,蓝V,10596584,1273507,75
风辰恋爱,1,蓝V,7763926,1273443,166
圆猫好物,2,生活,1800740,1272169,217
菲宝儿,2,手工手绘,4256182,1272154,165
秋叶PPT,1,科技,2696275,1271969,174
蘑菇头视频,1,动漫,5467004,1270634,195
马力至上_史萌,1,汽车,5448606,1270323,47
IQ小霸王,1,剧情,3700977,1270057,123
常乐晨—城市传奇篮球训练师,1,体育,9112680,1267739,765
cosplay改造计划,1,动漫,7755594,1266906,48
苏州融成天和,2,生活,5642677,1265954,326
崔玉涛的育学园,0,文化,1178262,1265550,446
第六街区,1,帅哥,12813306,1265521,317
空城情感,1,情感,4659185,1264923,282
宝贝和餐桌,2,萌娃,4480928,1262998,122
极动态壁纸,2,图文控,4733866,1262540,363
林小宅-,2,美女,3468645,1262134,37
乌龟少校,1,生活,11447996,1261714,129
爱丽丝珠宝,2,蓝V,11252255,1259548,1
Excel 教学课堂,1,科技,920308,1257654,115
小蓓蓓,2,萌娃,8063564,1257057,99
健身日志,1,体育,2783494,1255832,276
禅晓瑜伽,2,体育,3958125,1253845,147
爆笑表情包,1,游戏,8686258,1250586,42
一只小豪,1,蓝V,12793413,1250574,230
正面教育,2,母婴,2515450,1250381,67
GuriCG_影视游戏动画,1,游戏,11461788,1249279,642
育儿小百科,2,母婴,2026360,1249122,420
小木鱼麻麻,2,手工手绘,5595808,1247729,499
小美,2,萌娃,11767563,1247700,231
七十九（李雨宸）,2,娱乐,4527534,1244872,275
铁馆教练,1,体育,6843366,1244645,169
超级音熊,1,宠物,13714143,1242579,199
大怪兽,1,穿搭,13639599,1242299,126
车圈女神美丽姐,2,汽车,4757559,1241990,273
奔跑吧哈士奇🔥,2,宠物,8440487,1241942,136
SKY女团,2,舞蹈,4638108,1241849,30
喵小恋,2,宠物,8975207,1241078,262
小危欧尼,2,穿搭,10865550,1240415,76
小狮子_Doris,2,美妆,5218654,1237644,79
剑圣喵大师,1,图文控,9771761,1237170,101
柴辣侠,1,剧情,10842636,1236991,168
冷君说电影,1,影视,4335383,1235469,425
波特王 Potter King,1,帅哥,4181847,1235245,247
柴知道,1,动漫,4968951,1234328,491
怪胎昱,2,美妆,4886402,1233651,147
巧手姐姐,2,美食,7831967,1232945,147
甜果亲子·幼儿舞蹈,2,舞蹈,2594847,1232529,224
报告老板,1,娱乐,5765934,1230113,465
黑旗v革先生,1,娱乐,12897360,1229985,86
戚君,2,美妆,4821386,1229320,92
薇爱手工,0,手工手绘,2723302,1229279,103
小丑说电影,1,才艺,6708641,1228353,684
呆米的衣橱,2,穿搭,3669287,1225777,63
陆琪,1,图文控,9058653,1225473,257
南哥说车,1,汽车,6528410,1225087,696
刘布宝,1,体育,13376619,1224241,176
找靓机,2,蓝V,9636335,1223672,224
大涵涵想旅行,2,美女,3115293,1223635,30
樱公子,2,舞蹈,7241590,1220803,65
papi家的大小咪,0,宠物,5292178,1220260,106
主持人王芳,2,美妆,5250268,1219913,98
国民弟弟 徐肖恩,1,萌娃,2424190,1217931,239
随心指艺,1,才艺,8756576,1217828,16
阿龙擒拿教学,1,体育,2820856,1217278,148
枫叶说育儿,1,母婴,3778499,1215165,121
鲁小溅зая,1,舞蹈,8581827,1214041,102
半吨舞王大侠🇨🇳,1,舞蹈,3621062,1213826,375
霹雳舞大叔.,1,舞蹈,7711074,1213354,17
iPhone技巧达人,2,科技,6376587,1212717,315
二哈拉K,1,宠物,14326986,1212510,80
耐斯路人,2,剧情,20174972,1211844,54
兰研,2,美妆,11117813,1211130,116
办公软件教学,1,文化,730730,1210457,73
宠物医生小西妹,2,宠物,6437493,1210438,159
ASK车车车,1,帅哥,2010684,1210088,131
绿毛阿姨,2,美食,11291453,1209894,212
折纸控,2,音乐,4942910,1209722,145
手抄报,1,图文控,2210846,1209576,235
千艺,2,美女,4971906,1208287,169
魏哥说电影,1,影视,5051969,1206956,692
挑款师陈搭搭,1,穿搭,4948764,1206020,56
老张·海伦·旅行·口语·,2,文化,1846214,1204837,153
广州吃喝玩乐,2,生活,6862466,1204609,243
旅游攻略,2,旅行,3420742,1203779,86
长腿静哥🌸,2,美女,3358276,1203651,171
阿狸的手工创艺,2,创意,4238562,1202758,255
小西爱地球,1,影视,7812630,1201111,55
十爷_,2,宠物,20969169,1200905,152
俊晖JAN,1,剧情,8966044,1197941,109
陆柒,2,手工手绘,9466606,1197424,203
雷猴广州,2,生活,5994129,1196988,155
喵大仙带你停药带你菲,2,美女,10657109,1196816,65
迪北北,2,舞蹈,4203611,1196300,261
小柒柒呀,2,美女,6119012,1196154,106
仙女呀,2,美女,11784302,1194904,196
萌宠呆萌✨第一巨贵,1,宠物,10735315,1192081,61
小胖の柯基,2,宠物,17834328,1191059,176
九匠小老师,1,帅哥,9233512,1190355,147
周泓都,1,情感,19888919,1189832,144
杭州潮人榜,2,生活,10792629,1188977,103
我叫程哥,1,舞蹈,9233344,1188833,67
功夫茜茜,2,体育,14360838,1186808,61
墨汁七,2,情感,11974800,1186726,99
奶茶电影,2,影视,4803784,1186131,487
溪溪,2,美女,4724519,1184963,53
十元酱,2,舞蹈,4430448,1184665,104
喵妹说电影,2,蓝V,2068072,1183940,316
星妈双语早教,2,文化,3444329,1183651,193
金毛贝壳,1,宠物,16461061,1182882,142
赵艳萍🌸 优美形体创始人,2,体育,3128020,1182040,356
科技智丘,2,科技,9925201,1181911,691
多多神犬,1,宠物,20505706,1181384,162
去画吧美术工作室,1,手工手绘,7136642,1181262,87
明哥（创意手工）,1,创意,7830995,1180436,37
嘎啦嘎啦_,2,萌娃,4151248,1179788,81
儿童简笔画,2,手工手绘,2561534,1179165,77
时间国际视频,2,蓝V,24720907,1177090,557
办公教学宝典,2,科技,1281729,1176780,51
百姓关注,0,资讯,47961484,1175986,1407
型男穿搭日志,0,穿搭,3446039,1175362,315
小菊花~,2,动漫,10230379,1175099,168
粽子他爹哦~,1,宠物,14115577,1173697,186
南京头条,2,生活,14115013,1173547,290
电影十里廊,2,影视,9022181,1173393,847
废柴二代,2,宠物,21828600,1173371,129
观影指南,2,影视,3999872,1172827,34
Poppy老师谈育儿,2,母婴,4673479,1172093,168
结构性思维王琳,2,图文控,3602786,1171541,220
郭老板,2,剧情,2132013,1170991,154
爱玩磁铁的🐰,1,创意,9977596,1166363,414
小增Dancing,1,舞蹈,14347101,1165485,201
挑款师-Warmly,2,娱乐,3332915,1165367,193
爱画画的叨叨酱,2,手工手绘,4895932,1163715,44
赢在起点育儿妈妈会,2,文化,2961996,1163163,212
柒妖,1,动漫,16506852,1163129,162
有好东西,0,母婴,236641,1163061,4
叫我贝拉姐姐,2,美女,11044273,1161662,522
6点说车,1,汽车,3338387,1160964,50
青春光线,2,蓝V,12129521,1160308,256
手作生活,2,生活,6729623,1160178,158
三秒叔,1,创意,3698394,1159813,37
不急不吼养孩子,2,母婴,3060859,1159236,239
暗部1983,1,影视,7609859,1158607,59
爱车小讲堂,1,汽车,3622210,1158158,364
玄蚂动画,1,游戏,2675960,1158008,93
我家董艺,2,音乐,8999799,1157647,257
此念官方,2,蓝V,2468818,1157427,262
爱熊猫,2,蓝V,15820160,1157065,225
小兰,2,美食,10823737,1156149,64
MUSE舞蹈工作室,2,舞蹈,6651578,1156073,307
君君辅食记,2,美食,3395343,1154776,416
坏小孩教你谈恋爱,1,情感,4654195,1153615,13
你的私人教练,2,体育,4353997,1153506,71
菇菇来了,2,生活,9611663,1153352,665
正能量小强,1,生活,20584713,1151656,193
欧叔侃车30秒,1,汽车,2040017,1149437,404
诗和远方旅行攻略,2,旅行,6257594,1148187,238
孙安琪 童模(小演员),2,萌娃,10583479,1147040,282
创意折纸轻松学,2,才艺,3741251,1146980,137
手机动态壁纸 (纯原创),1,图文控,5493470,1145545,182
享看电影,0,影视,5806430,1142759,241
向优泽,1,才艺,16513992,1139889,155
找靓机能量站,2,宠物,18854587,1137155,105
马来星（啊星）跑酷,1,体育,7190117,1135887,194
环球萌圈,0,宠物,59653791,1134942,1288
今夜家话,2,搞笑,3369781,1133547,270
熊熊撩大片,1,蓝V,6780097,1132887,621
轻瑜伽,2,体育,2256334,1131604,106
牛牛house,2,蓝V,10381660,1131201,137
潇洒的夏天,2,帅哥,13035866,1130564,38
3henlulu,2,美妆,2152429,1130476,101
城乡结合部狗蛋,2,宠物,17116822,1129014,181
乌娱家,1,动漫,7371863,1128474,310
冯舆轩x,2,帅哥,7271850,1126922,267
Word办公达人,2,才艺,1223085,1125693,249
小小妍Bella,2,萌娃,6929633,1125619,107
建德彭摆鱼,1,体育,2159796,1124770,86
警花,2,蓝V,19529026,1124269,210
最黑科技,1,科技,9809831,1124266,119
��玩泥巴的小妞💋,2,萌娃,7932935,1123160,128
老谦,1,图文控,7968836,1121444,72
温州都市报,1,蓝V,45227752,1120459,1005
六洒,1,剧情,9371913,1120139,68
绝地求生-小哪吒,1,游戏,10913805,1119913,55
零器械健身减肥方案,1,生活,1642327,1119630,46
是东方先生啊,1,创意,3115659,1119443,32
张忻然,2,萌娃,5760632,1119033,160
怪探张大锤,1,剧情,5051680,1115380,15
KBT篮球训练师Kevin,1,体育,12180720,1114939,621
宝宝辅食微课堂,2,母婴,3046092,1114203,407
多米创意黑科技,1,才艺,6574223,1113850,111
伯乐说,1,影视,10693001,1113035,2021
Demon刘明达,1,帅哥,5668000,1111347,180
行走的荷尔蒙大兵,1,舞蹈,10167021,1110258,398
阿狮的手信,1,搞笑,14361068,1110249,97
雨橙呀🐻,2,美女,8433047,1109443,94
蜘蛛侠宇宙,1,动漫,5007864,1109371,196
天下最美是幼师,2,体育,4407679,1109168,748
壹碟Jesse,1,旅行,8937967,1108971,212
老高电商创业社群,1,科技,1073063,1108396,552
已被重置,2,图文控,0,1107832,0
头盔哥天极,1,舞蹈,6767453,1107262,275
逗妈Rachel,2,萌娃,6421720,1106706,175
JaceeHe,2,舞蹈,5614214,1104537,302
溜溜哥,1,帅哥,4035206,1103494,339
WPS办公小技巧,2,科技,1482636,1100835,260
神童,1,文化,403749,1100235,61
CETV小明,0,蓝V,12087593,1098218,561
Giuly🙈,2,美女,10278503,1096057,88
壮士高寒,1,蓝V,21231740,1095723,170
乐涛情感（恋爱先生工作室）,1,情感,3715193,1093665,118
动态有声壁纸,1,图文控,4136628,1090817,221
嘟嘟大皮客,1,汽车,9684175,1090047,202
动漫星纪元,1,动漫,13062935,1087565,822
��毛宇琳老师🌸,2,美女,3556157,1086204,373
Excel实用技巧教学,1,科技,833376,1086111,70
创意简笔画,2,手工手绘,2491174,1085889,70
adidasneo,0,蓝V,3010120,1085671,91
PPT变身大师,1,才艺,1368606,1084033,61
奋斗吧熊卷,1,动漫,8754265,1083144,124
黑小妹,2,体育,2793814,1082936,403
情感故事,1,情感,7631472,1081930,117
潜能宇哥,1,体育,3686910,1081850,120
K7.7,1,创意,2370792,1080799,11
彭湃,1,帅哥,4565341,1080501,132
逗趣办公室,1,剧情,15891565,1080190,330
追风筝的人,2,动漫,7483153,1079355,65
十月呵护,2,蓝V,3493837,1079299,645
Ethan清醒思考,0,情感,55372,1079008,1
乐町萌宠,2,宠物,9071954,1077956,305
张连鑫z,1,舞蹈,4630124,1077777,69
NAIQI乃崎,2,美女,9347407,1077727,158
花果山的果,2,生活,641,1076826,40
偷心萝莉,2,音乐,10211724,1076547,64
爱玩狗的德哥,1,宠物,16394170,1076390,279
高效笔记,2,文化,1454316,1075715,71
宝宝辅食宝典,2,美食,2587018,1075428,113
科幻战舰,2,影视,2824809,1074797,568
亲子简笔画,2,母婴,2534512,1074715,139
伊一得一,2,剧情,4575648,1073874,65
西米说电影,0,蓝V,4302640,1073725,1077
一位画家,1,手工手绘,8982873,1073488,364
二狗抖机灵,1,宠物,11212398,1072260,203
四海书单,2,图文控,2757094,1072248,15
Jcsomething,2,文化,1897181,1072101,1093
马小,1,剧情,10701125,1071878,58
柒音,2,动漫,12184442,1069323,165
珍爱情感莎浓,2,图文控,4083163,1068388,179
黑妞爸是训犬师,1,宠物,16048246,1068325,339
momo,2,萌娃,4837840,1067703,106
小白Wink,1,情感,8964543,1067537,81
瑜伽喵,2,体育,4151733,1066969,35
凯撒,1,宠物,19873401,1066356,116
田浩楠_,1,蓝V,14888641,1066224,193
小超哥Kino,1,帅哥,12995350,1065635,186
瑜伽小舍,2,体育,2393750,1065260,24
灵感教育,1,情感,3573254,1064907,799
艾弥儿,2,情感,4060137,1062647,256
朱小猪健康运动,2,体育,5050420,1061376,434
梁毅风,1,旅行,10186,1061186,1
想画画的唐醋,2,手工手绘,7027341,1060707,73
七秒鱼@,1,创意,3129178,1060597,65
狗子开箱,1,生活,7796274,1060053,175
西西子的美丽传说,2,娱乐,6407399,1059677,78
跟我学穿搭,2,穿搭,7813305,1058998,151
撩妹金句,2,图文控,3336907,1058980,214
周文强,1,图文控,4943089,1056651,210
蘑菇搭配师,2,穿搭,2052687,1054451,379
Bryan malaguti,1,萌娃,7396930,1054170,539
PS教学-点策课堂,1,资讯,1167110,1051222,121
蘑菇点点,1,动漫,9461899,1050936,355
秦皇岛怀梦训练营,1,资讯,2675507,1049298,233
喵喵,2,手工手绘,7761756,1048465,177
燃脂塑型~阿凯,1,体育,3868448,1048301,169
温州日报,1,蓝V,46519351,1047782,689
胡大伟老师,1,图文控,1696280,1047262,29
创趣阁,1,才艺,6956185,1047057,90
Milky,2,创意,5814207,1045601,51
DR钻戒,1,穿搭,9372249,1045247,947
楠楠ʚ ɞ,2,美女,5160221,1044962,436
湖南卫视歌手,0,音乐,2622594,1044656,119
神犬皮蛋,1,宠物,13158487,1043613,241
幼金宝宝,2,美女,4896118,1043568,183
年糕妈妈亲子学院,2,母婴,5716465,1043347,332
印象科技派,2,科技,9669942,1042946,237
小希爷,2,萌娃,4445510,1042595,174
变帅指南,1,文化,3714302,1038700,69
草帽张,2,宠物,8821860,1038443,173
成就超跑俱乐部-豪豪,1,蓝V,3814634,1037724,49
屠峰豪,1,体育,4853030,1036098,232
金毛多多的成长,2,宠物,5663659,1035243,89
唐家三少,1,图文控,2459979,1035156,15
教兴商业新思维,1,文化,1121763,1034917,185
毒app,1,蓝V,7409394,1034700,373
乔乔🎀,2,美女,15719639,1034685,163
小样手抄报,2,手工手绘,2847442,1032969,33
健身吧网,0,体育,2044967,1032040,203
旅行攻略,1,旅行,2243419,1031354,106
男生穿搭风向标,1,生活,4901007,1029910,229
搭配师多多,2,文化,1894667,1029757,178
良品简格服装店,1,穿搭,216146,1029756,499
大不列颠瑞尔,2,宠物,6877026,1029579,24
雷神伦,1,体育,13897379,1027480,120
北京跟我玩,1,生活,4100272,1026636,112
鱼老板,1,动漫,4672630,1026474,177
wuli佳美妞👸,2,美女,9419770,1026361,164
旅行达人华仔,1,旅行,7123099,1025966,190
康米姑娘,2,美女,4494985,1023562,378
野美小游,2,情感,10226049,1023026,13
萌宠小猪猪,1,宠物,11746794,1022999,1685
筠妍儿,2,美食,1345875,1022866,118
逗比小贝基,1,宠物,16743786,1021500,191
木子李说故事,1,影视,2263342,1020749,71
刘国梁,1,娱乐,2618430,1019436,11
嗷大喵真棒,1,游戏,6815315,1018821,132
萌犬阿拉斯加,2,宠物,6273027,1018762,146
顺双信息科技,1,科技,1017598,1018452,5
幸福恋人,2,生活,4089151,1018380,102
加油向未来,1,蓝V,10906649,1016834,127
侦探少女莫莫酱,2,美女,10400436,1016728,131
任教主,2,穿搭,4547020,1015641,156
北京丹,2,生活,1393611,1013632,101
买车黄金眼,1,汽车,3736850,1013255,431
北石同学,1,旅行,4494603,1013180,137
瑜伽教室,2,体育,1058695,1013062,119
阳尼格夫妇,1,美女,11392686,1012730,145
晓晓说电影,2,影视,3438943,1012640,818
excel表格跟我学-兰色幻想,1,科技,1976163,1012192,467
会说话的汤姆猫,1,动漫,6825349,1011812,321
撩电影8,2,才艺,4868166,1010229,791
镇主,2,蓝V,1608918,1009795,133
负债剪辑师,1,创意,3322813,1009079,25
百协汇,1,手工手绘,3470541,1009050,115
陶白白Sensei,1,情感,2898113,1008732,200
曼解电影,1,影视,5121782,1008508,271
西施撩电影,2,影视,4590327,1006566,678
神奇心理学,1,生活,2258686,1006178,458
子安,2,穿搭,1408749,1005909,99
斯呆拉sister,2,手工手绘,6236220,1005322,159
行者伞兵,1,蓝V,10197051,1005104,91
鹿幽幽,2,动漫,3906811,1005055,32
��艾米baby🌸,2,宠物,8118057,1004292,247
育儿手册,2,母婴,5148455,1001779,275
阿姐家情侣装,0,穿搭,3462445,1001751,55
kid岁,0,手工手绘,1658644,1001432,7
网易云热评君,1,情感,8074522,1000489,110
你名我命🌸,2,才艺,2127444,1000352,29
Jozef西蒙子,1,萌娃,4747998,1000277,120
黄哲勋_official,1,帅哥,7520327,999328,207
刺客伍六七,1,影视,3905475,998739,79
一起装修网,1,生活,1265380,998688,619
锐思RUIS,0,手工手绘,4575481,997805,52
金心简笔画,2,手工手绘,2470074,997724,181
肉嘟嘟的胖莹莹,2,穿搭,8807773,997173,116
农村小伙子,1,旅行,2131302,995835,116
紫金山视频,2,蓝V,55226134,995438,577
小宇子,1,动漫,7785348,995351,335
Excel办公高手,2,科技,1123709,995103,63
.宝麻.,2,宠物,12206933,995055,650
荣耀手机,2,蓝V,9286887,994902,180
绅士浪先生,1,剧情,12951897,994780,89
珍姐爱运动(正能量）,2,生活,3868225,994493,355
青岛艾琼商贸,2,穿搭,3467,994346,22
社交口才,1,图文控,1823077,989298,315
零基础英语小课,2,文化,3441238,989118,96
神奇小马达,1,宠物,9051987,988289,111
小仙女裁缝铺,2,手工手绘,4511158,987612,37
健人小丘,1,帅哥,3552209,986785,120
北鼻问问宝宝知识,2,母婴,1883559,985688,193
视知车学院,1,汽车,1924349,985479,228
不过是分手,2,情感,2374299,984969,32
怪大叔科技,1,娱乐,7622404,984626,79
张呵呵的百宝箱,2,生活,4927478,984417,164
叶重重,1,帅哥,8543681,984345,76
小八的日常,1,动漫,5954993,983818,205
��布丁糖糖🌸,2,美女,11050205,983802,340
shenyue沈越,1,帅哥,2711336,983647,225
乐仔街拍,1,娱乐,10578744,983422,154
育儿有方,2,母婴,2244975,983197,48
器材库,1,科技,6452636,982978,416
乐叮当玩具世界,2,文化,13124236,982645,556
芝麻狐,0,搞笑,5863637,980228,65
班长教你追女生,1,情感,3773973,979709,115
十一大魔王,2,美女,12358732,979215,77
自由,1,手工手绘,15128807,978533,151
Kate楠,2,美女,4147268,978302,296
计算器音乐🎵鬼鲛,1,科技,5830406,976670,209
装扮少女,2,影视,8526426,976544,209
大罗的宿舍,1,帅哥,7332103,976226,122
50度半夏,2,情感,5832276,975909,207
Excel880实例教学,1,科技,829153,975558,187
家教育儿,2,母婴,2850453,975243,104
小米多麻麻咪,2,美食,5922346,974564,529
旅游攻略,1,旅行,1931623,973252,77
一起画画,2,手工手绘,3794869,972318,97
教你撩人文字,1,图文控,3252784,971811,117
亲子早教,2,母婴,1399646,971212,29
家有肥肥酱,2,萌娃,15737558,971107,184
李欣蕊！,2,美妆,5141975,971003,151
AB姐姐,2,图文控,5470265,969945,6
小妖Excel,2,科技,1626885,969890,110
污星人,2,剧情,8584625,967481,167
空谷,1,才艺,4605315,967242,101
Roy和Sue的奇妙旅行,2,生活,3413121,966485,175
庄13台妹PKGIRL,2,美食,9375794,966282,101
千千,2,情感,12003997,965700,85
中国网,0,蓝V,16722569,963864,533
段冉,1,体育,4948297,963024,441
军影旅行家,2,蓝V,6191846,962176,53
教育在线,2,文化,1279273,961766,177
幕后君,1,影视,6336338,960920,272
荣小兔头,2,美女,6448033,960904,148
Cute手绘,2,手工手绘,3781472,960323,100
爱运动的🌸YokI,2,美女,1963515,960010,382
刘熙烨,2,影视,4825419,960003,124
御座的黄山,1,动漫,4952564,959810,118
杨宇航freestyle,1,体育,6482072,959163,88
健身动作解析,1,体育,1515676,959017,32
中国新闻网,0,蓝V,8021605,958885,455
电影冷知识,1,影视,5108061,958561,29
男生穿搭日志,1,娱乐,4282936,958085,185
赵梓旭,1,娱乐,4525418,957239,226
甜果亲子·手工DIY,1,手工手绘,2785609,956296,191
易用软件问答,2,蓝V,1597493,956246,220
每天学拍照,2,科技,2377298,955036,128
运动解剖,1,体育,1676513,954378,35
萌派疯,1,技术流,5084932,953524,61
柏霖爱悦健身营养,1,体育,5240817,953203,101
赤脚小鲜,1,旅行,6001545,952601,80
为都信息科技Excel宝典,2,科技,1286577,951748,563
变帅穿搭指南,1,穿搭,2129181,950264,288
filu爱穿搭,2,娱乐,6077145,950175,6
不正经图书编辑部,1,文化,3121155,948994,101
儿童文学社,2,母婴,1082719,948584,337
经典语录,2,图文控,9934548,948576,377
阿钰户外赶海🌈,2,旅行,8678223,948541,920
房车旅行新生活,2,生活,2633337,947901,373
Lys视觉,1,体育,2387215,947680,52
��三分，户外🏕,0,旅行,3813330,946088,0
嗨呀Hiya,1,图文控,14849768,945900,104
旅拍王辉,1,才艺,13795594,945347,310
乔氏说车,0,汽车,2045728,945008,51
MoFit健造,1,美食,2350753,943988,213
麦浪哥哥,1,汽车,3600581,943955,62
陈果语录,2,图文控,3956104,942874,23
阿泽来画你,1,手工手绘,5454914,938536,108
芒果大明星,2,剧情,25066994,938171,388
技术奇点,1,科技,6307817,937814,95
情商职场,1,情感,1903091,937100,194
最美穿搭笔记,2,娱乐,5460604,937029,189
卡迷手绘,2,才艺,6920489,936006,408
亲子早教,2,母婴,1541212,935633,69
拍拍研习社,2,才艺,1356138,935404,56
表白情话套路,2,蓝V,3131571,934612,35
可爱萝莉娜👄🍷👄,2,美女,4338687,933009,72
Anna粟熙媛,2,萌娃,8356034,931430,562
妈妈点赞,0,母婴,3874298,929745,286
Pure（饿势力-张镨予）,2,美食,4145982,929692,272
广州吃喝玩乐团,2,生活,4918333,929396,187
玩车大师,1,汽车,2242292,928263,273
歐陽娣娣Didi,2,萌娃,1176543,928031,6
亭子间（定制）,2,动漫,6685142,928027,129
Pencilmation,1,动漫,4842410,927693,73
闪灵•玩漂移板的june,2,体育,12105655,927669,298
一只贪睡的刘可爱🐰,2,美女,3251067,927101,45
黑科技🕶,1,科技,5622081,926455,149
Excel精选技巧,1,科技,763549,926451,56
阿茶穿搭,2,穿搭,2749674,926308,101
小组长静静,2,美女,6558588,926176,45
科尔萨斯,1,创意,3912041,926025,61
江美爆,2,美女,6304660,925854,233
仙啾啾,0,萌娃,3170544,925602,23
森阳＊六一的瑜伽Daddy,1,体育,3070656,924651,197
小鱼儿,2,萌娃,5335396,924565,147
绘画猜谜 小宇,0,音乐,4554200,923251,79
朵妈陪娃,2,母婴,8721158,922510,399
户外荣少,1,旅行,9622471,922296,69
驴哥说电影,1,游戏,3610197,922220,772
3分钟恋爱课堂,1,才艺,1352374,922009,80
阿力猫,1,影视,7632071,920690,225
戴较瘦,2,娱乐,14492852,919311,10
八成不是亲生的,1,母婴,18821614,919209,214
不老的八零后,1,图文控,7968287,918888,94
猹叔讲故事,1,影视,7654388,918680,159
静师姐,2,图文控,5448640,918391,97
砰砰哥,1,影视,179364,915902,140
甜心萝莉怪,2,美女,5086396,915747,114
旅行大玩家,2,旅行,3362794,914928,148
书影圈,2,图文控,4462922,914708,157
历史的今天,2,文化,3241414,914229,178
绘客Art,2,文化,3724026,913907,130
聚视界,1,科技,4451634,910548,465
情感语录,2,图文控,6361184,909296,192
草莓娜,2,穿搭,5336552,908262,30
萌妹电影,2,影视,3868568,907266,905
ACui阿崔,2,情感,5385829,906902,81
大熊爱电影,1,影视,4799937,906296,452
Office办公技巧,2,科技,709233,905176,48
奇音馆,2,图文控,7822493,904919,200
老爷会大雷天,2,穿搭,2696875,903099,111
媛媛,2,美女,14409296,902937,21
小小哲皓,1,萌娃,4573267,902514,39
文字动态壁纸（原创）,2,图文控,5074050,901923,92
狐狸音乐电台,2,娱乐,4745732,901691,110
万达电影,0,影视,9951778,901547,515
宝妈爱美食,2,美食,4422049,901272,772
动漫百晓生,1,动漫,4736900,900728,385
撩妹补习班,1,情感,2525351,899766,485
圆圆珈030,2,美女,4845359,898897,66
15秒知识清单,1,文化,3937526,898404,185
福瑞仕北京科技服务有限公司,2,生活,1738072,898221,180
壹家壹心理咨询,2,蓝V,1566771,897464,11
健身黑人,1,体育,2899738,897333,41
撩妹语录,1,图文控,1734856,897048,44
白白叶叶☀️泰爱美,1,生活,12571156,896920,201
芯羽亲子乐园,2,母婴,1711162,896306,112
GGhouse郭郭定制,2,美女,2680973,895643,259
戴眼镜的肌肉男,1,体育,3576295,895575,321
不二情书,2,情感,4647345,895344,177
汽车培训刘教练,1,汽车,3793682,895276,286
铁牛Excel,1,科技,1323028,894775,172
EQ君,1,图文控,3289628,894340,22
搭配师Miu,2,穿搭,6599034,894254,67
有趣出品-,1,创意,76080,893388,194
情感巴士,2,情感,8175304,892543,94
优酷我爱剧透,2,娱乐,4118151,892436,437
小笼包电影,2,影视,4772640,890940,586
开心最重要,2,体育,3016883,889149,218
育儿指南,2,母婴,3464420,888947,382
都市现场,1,蓝V,20956633,886497,230
励志语录,2,图文控,5364974,885067,50
Office办公,2,科技,3162677,884482,242
楚天交通广播,1,旅行,44145844,884343,1224
影河系队长,1,影视,6956418,884127,77
奢弥,0,手工手绘,4172633,883460,156
深夜懂你,2,图文控,23148399,882414,120
见爱情感学苑,0,情感,3833762,882298,50
宸宝辅食,2,美食,3997896,881414,152
大咖名言,2,图文控,8328463,880645,389
领霸贸易爱看剧,2,影视,4875766,880616,212
飞鱼手写,1,图文控,3483524,878996,282
大渴嘚儿测评,2,科技,4497700,878506,258
冷漠尊假笑桐,1,旅行,3971478,874788,270
南昌广播电视台,0,蓝V,37803518,874767,736
现场云,2,资讯,37546101,872632,52
厄齐尔m10,1,体育,2943463,871629,10
菊长大人,1,手工手绘,5028047,871101,70
混剪侠,1,影视,6827803,870939,147
情感、种草,2,生活,2851943,869599,192
EVA小伊娃,2,蓝V,12603750,869443,104
扎心语录,1,图文控,4362863,869327,61
小荣,1,搞笑,12108676,868262,141
19号公路俱乐部,0,蓝V,312591,867999,24
晴子,2,美女,5121938,867215,309
电影工厂,1,搞笑,14008906,866906,210
中国空军网,0,蓝V,1885076,866811,88
单禹豪_豪豪henry,1,萌娃,2610782,866666,166
艺米YiMi定制,2,美女,1962170,865675,410
河北青年报,2,资讯,19838232,865444,406
幼儿趣味简笔画,2,手工手绘,1781279,864532,92
逗士剧场,1,剧情,13464216,863115,90
正大综艺动物来啦,1,资讯,16058571,863002,117
后院 雨哥,1,美食,3563742,862567,37
冯雪雅,2,萌娃,3147966,862195,289
林珊珊_Sunny,2,美妆,2943583,860351,105
问舰,1,影视,2351246,860014,781
熙小熙  style,2,美女,6379860,858526,101
彩虹儿童教育,2,母婴,5236779,857273,156
童模丁伊轩,2,萌娃,4147431,855035,334
功守道,2,科技,6581844,853998,144
宝儿女宝,2,萌娃,10408865,853065,346
甜言蜜语,2,图文控,2829626,852946,138
雪梨cherie,2,美妆,1828049,852912,57
K妮子,2,美女,7226485,852538,674
阿唐的少女心❤️,2,手工手绘,8792227,852139,257
6度服饰工作室,2,穿搭,1932530,851870,50
美品汇北美GO,1,旅行,5122750,851322,1064
搭配师Ella,2,穿搭,1871717,850395,98
提升日记,1,图文控,3842038,849011,97
笑言不怕冷,2,穿搭,14100858,848919,30
吉大教育_零基础学CAD,1,美食,1723115,848799,135
野犀成长语录,2,图文控,4534563,847137,22
钰卓钰商贸电子电工,1,创意,627847,846935,63
小学生阅读指南,2,文化,1714623,846341,148
万摄师,1,才艺,10610168,846006,158
手绘快笔王,1,手工手绘,5771502,845585,162
惹不起小姐姐,2,美女,1814802,845164,1
小小莎老师 日常号,2,旅行,4169825,844923,64
搭配师Emily,2,穿搭,2351828,844605,239
我叫圈圈,2,萌娃,4402709,844227,220
游荡美利坚,1,汽车,4354960,842250,485
隔壁林妹妹,2,美女,6469891,842144,122
啊洋啊🐑,1,音乐,11507228,841958,111
神马开箱V,1,科技,4322549,841291,98
环球旅行,1,旅行,1249562,839408,119
余歌教演讲,1,图文控,1596890,838511,230
思维课堂,1,图文控,1895205,838280,197
一字见心,1,图文控,2713630,837902,306
青蜂侠,1,蓝V,33890925,836949,1570
石悦安鑫小盆友,1,萌娃,2301009,836184,125
手抄报作业,2,蓝V,1653703,835813,154
小拍情书,2,图文控,5769351,835638,256
洛大爷,1,图文控,11172592,835205,84
卢哥say车-精英论坛,1,汽车,1678709,835011,183
阿钦的世界,1,旅行,3899308,834828,229
杜宇航,1,帅哥,3458893,832345,129
我的壁纸有毒,2,图文控,15327811,830298,262
多多妈妈,2,母婴,1938009,829006,1403
一起去旅行攻略,2,旅行,4215972,827353,162
男生每日穿搭,1,穿搭,2135503,823781,205
每日动态壁纸,2,图文控,3301858,823548,1280
中国日报网,0,资讯,15971260,823377,380
萌鬼到漫画,1,手工手绘,5747040,822529,128
小菲国画,2,手工手绘,7142269,822162,146
丁香妈妈,2,母婴,5595324,821730,209
恋爱先森,1,图文控,4481587,821047,108
大白话本人,1,剧情,3357268,820814,882
李耀思维,1,科技,2468330,819120,153
科技生活,1,生活,5544312,818009,152
同程度假,2,蓝V,5416226,817504,139
搭配师华仔,1,穿搭,2591825,817478,327
风辰男神计划,1,娱乐,2022967,811928,23
高大尚-叶雕,1,创意,11770581,811896,133
me小晨,1,生活,9568862,811651,20
科技小师妹,2,游戏,9833110,811567,9
关姐姐爱画画,2,手工手绘,4290625,811130,301
迷音-语音树洞,2,科技,18911793,807248,486
商悟社,1,文化,4173138,806865,783
玉姐相夫教子,2,母婴,1686478,804076,232
绘画笔迹,1,手工手绘,11583202,803906,38
亦军（高能舞团）,1,帅哥,5222967,803684,118
三哥街拍,1,娱乐,10758846,803364,132
��潘潘家族🌸🐾☀️,1,萌娃,4002420,803334,522
妞姑娘的小故事,2,萌娃,9929174,803249,262
北冥末儿,2,动漫,3819815,802255,29
BTV新闻,1,蓝V,20430688,801944,912
驴小侠旅行,2,旅行,2848280,801157,210
陈白露啊,2,美女,4929555,800858,35
钰宝宝,2,萌娃,2179565,798486,100
三峡晚报,1,资讯,35637916,798376,597
生活好物清单,2,生活,1890652,797874,30
Excel小技巧,2,科技,565540,795017,69
樱娆°,2,美女,10726643,793694,78
酒馆阿七,1,剧情,879220,792789,3
广州吃喝玩乐蒲,2,生活,7304456,792715,419
潇湘晨报,1,资讯,21197990,790828,797
穿搭风格志,0,娱乐,2875801,790367,333
阿泽是我,1,剧情,4954469,790131,349
饶子豪,1,萌娃,5022256,787936,76
情感解药,2,手工手绘,3610398,787914,10
车乘汇科技,1,科技,3271622,785640,61
skyhahalife,1,帅哥,2727461,785115,78
电脑知识,1,才艺,1227112,785072,144
懒游,2,旅行,2643428,784684,90
小苹果baby,2,萌娃,3652717,783948,111
Ps唱哥,1,才艺,1053071,782690,122
酷科技,2,科技,4222771,782408,43
手工集,2,手工手绘,2901639,781648,74
科学育儿小七老师,1,文化,1513735,781438,77
宝哥eric,1,萌娃,6168108,780986,130
主题动态壁纸,0,图文控,3530381,780251,151
聚星日化店,2,蓝V,15671242,777856,562
老刘说车,1,汽车,1978607,776349,261
澎湃新闻,1,资讯,7863469,776331,495
穿搭攻略,2,穿搭,3439848,776223,302
老狗龙,1,帅哥,3298043,775149,74
朋宠PECO_萌宠物生活,2,生活,22407521,774961,569
EPU密室说,2,娱乐,6314625,774321,168
一号军视,1,蓝V,7193007,773870,74
楼视房产,2,生活,1858194,772131,234
互联新媒,0,科技,9448483,770804,111
灵子服装搭配师,2,才艺,2170442,770775,278
蓝蓝绘画,2,手工手绘,2706955,767979,209
潮男研究所,1,穿搭,3823316,766878,95
大斌说车,1,汽车,1233422,766290,137
趣味折纸,2,手工手绘,2374447,766151,133
O叔教你撩男生,1,图文控,3703860,766112,334
旅游攻略君,2,旅行,2769254,766047,253
观威海,0,资讯,41584519,765942,580
�� 大伟•【说车 评车】,1,汽车,3223368,765917,167
儿推万家官方账号,1,生活,1138778,765570,182
晏许勇,1,文化,3957642,765500,108
搭配师阿星,1,穿搭,1798907,765149,80
Hi走啦,2,旅行,6329252,764194,125
小文字,2,图文控,7276594,764080,280
职场厚黑学,2,图文控,1246304,763241,253
ps干货营,1,才艺,1642270,763241,148
折纸❤️艳子,2,手工手绘,3056670,762510,390
格调生活家,2,生活,2796534,762485,27
户外仟哥,1,旅行,13216460,760029,193
烧仙草小哥哥,1,创意,2477967,760010,2
西西掌柜说服装,2,穿搭,1577966,759349,59
小仙女手工集,2,手工手绘,4050176,759340,285
电子电工之家,1,创意,1729083,756823,323
蒙妈育儿学堂,2,母婴,1942393,752973,72
小简笔手工,2,手工手绘,2684671,751478,197
央广军事,0,蓝V,8407973,750675,82
甜甜圈的甜儿👀,2,萌娃,6015632,749286,172
泰国小胖🇹🇭,1,美食,3462950,748224,158
小强户外赶海海鲜,1,旅行,4622160,747691,269
勤姐讲速算,2,文化,903234,747441,147
糖饼爱美丽,2,美女,5721985,747150,251
赛雷三分钟,1,汽车,1779498,745763,133
打卡旅行,1,旅行,2320272,744255,166
裙裙带你减肥🥕,2,生活,2402904,743811,44
雨妈妈,1,母婴,12231341,742593,94
户外陈龙,1,旅行,5341207,742586,118
果果家 GGWOMEN       嫚维,2,美女,4151381,739525,116
途虎养车百科,1,汽车,2756052,739080,200
应开胃🍓,2,美女,5480541,738049,64
艺园手绘,2,手工手绘,2870410,736996,39
熙  姐style,2,萌娃,5815171,736127,122
小镇姗姗TOWN33,2,美女,4799967,736107,253
游画艺术,1,手工手绘,5036847,735946,79
车手   AF.,1,汽车,10126018,735375,251
糖心简笔画,2,手工手绘,1539631,734144,313
凯迪-驾考理论讲解,1,汽车,1675447,733429,68
大梦手绘,2,手工手绘,2249521,732743,203
国际在线,0,资讯,15995422,730489,313
成都吃喝玩乐,2,生活,2526924,730177,109
海角七号,1,才艺,7584179,730175,468
融创汽车,1,汽车,4046899,729883,279
动态壁纸社,2,图文控,3001935,729354,237
Xue-薛永希,1,萌娃,5020249,729138,110
满妈厨房-辅食每日一更,2,美食,2047475,728808,119
广州点迪女装服饰,1,生活,418912,728171,54
yoyo👸,2,萌娃,10761663,725711,173
正面教育,2,图文控,2306165,725045,98
国民视觉,1,图文控,6669035,724865,489
辣妈柒柒,2,才艺,1621111,724594,120
清歌,2,美女,4936425,723985,201
育儿心得,2,母婴,1841371,723734,45
总剁主小猪,1,生活,3228645,720663,58
LEO漫画英语,1,手工手绘,1663008,720601,85
九植植物手作花艺,2,创意,1993124,719245,67
造型师梁梁-Isaac,1,娱乐,1389698,718976,75
虎哥说车,1,汽车,748606,717963,33
宝马中国,1,蓝V,3023124,717417,169
爽爽,1,娱乐,5626508,717398,284
广州车神🚗,1,生活,3193749,716336,67
凯文李和熊爸爸,1,创意,6994429,714267,68
白妞漫画,2,动漫,7708064,713625,86
王乙清,1,汽车,4085608,713470,15
衣型Max,2,穿搭,1294923,713186,210
烟台高速交警莱州大队,2,蓝V,25420964,713027,718
涂格网App,1,娱乐,1060218,712335,354
创通旅游攻略,2,旅行,2580850,711603,109
超级慧说话,2,图文控,1824970,710006,149
@祁学长,1,手工手绘,6228991,709233,98
逻辑思维,1,创意,2304573,708213,46
蹦极贝爷,1,旅行,12576521,705815,664
A.joe.阿浩爱画画,1,帅哥,3497156,704314,46
搭配师阿莫,1,穿搭,1966471,704145,149
赛腾汽车运动,1,汽车,3625086,703500,79
画海一粟,1,手工手绘,4044049,702332,68
精选直通车,1,汽车,2253085,701042,141
小苏苏👍户外,1,生活,650339,699662,190
弹弹的小宇宙,2,萌娃,7500887,698618,159
小陈纸墨画,2,创意,2559362,698363,146
戏精牡丹,1,剧情,2929225,697269,51
Ka-o-ri,1,手工手绘,5965420,696817,250
噗噗和撅撅,2,蓝V,10834867,695177,196
直新闻,2,资讯,10649890,695167,156
驾培🏅白凌镜,1,汽车,1656449,694806,55
小阿妍,2,萌娃,1842219,694324,43
喵爷,2,剧情,10833155,693765,96
人民网军事,0,蓝V,5044395,693095,99
穿搭技巧分享,2,穿搭,3206431,692244,68
厄里斯♢无邪（周末接稿）,2,手工手绘,8710056,692065,150
小小睡❤️,2,萌娃,7395969,691328,465
乐优优,2,萌娃,7454593,688293,59
园林造型师,1,剧情,3761929,688041,143
为了你的绘画事业🎨,1,才艺,4911400,686511,213
极客屋,1,创意,8382652,685727,187
孫肆輩,1,技术流,3607419,684812,128
育儿在线,2,文化,1057456,684678,32
杨十窟,1,剧情,3352508,684273,44
莒南手机台,1,资讯,16207367,682311,167
懂易PPT演讲班,1,文化,776464,678516,90
顺眼儿,2,美女,6394242,674257,28
育儿百科全说,0,母婴,1165782,673901,52
马蜂窝旅游,1,蓝V,1432593,672338,183
创意生活,2,生活,4000815,671904,108
彩云城堡英文音乐剧,2,音乐,721542,671714,109
生活技能咖,2,生活,4548450,671680,92
户外赶海龙哥,1,旅行,6552544,670832,365
儿科医生雨滴,2,母婴,806596,663201,181
育儿课堂语录,1,图文控,3942229,662906,38
我家后山的果园子,2,生活,711,661192,37
电影频道融媒体中心,0,影视,9190173,661155,399
精分脑斯基,1,剧情,8299568,659820,143
步步指南旅游攻略,2,旅行,4436276,656878,207
汽车知识,1,汽车,954389,654600,57
正面管教,2,母婴,1788521,651848,91
直播中国,0,娱乐,3529872,651833,453
Aima.c,2,萌娃,7939841,648660,122
猫眼电影,1,影视,12947319,648443,531
一靓汽车,1,汽车,44442,646899,20
特效卡卡西,1,技术流,4576845,645170,60
来点历史,1,娱乐,4257110,644030,67
小小叮当,2,萌娃,6889925,644022,127
宝宝学画画,2,母婴,3142798,643176,333
大家车言论,0,汽车,3206588,642604,621
好好玩益智早教乐园,2,文化,3774222,641498,186
美人鱼ai老妈,2,萌娃,7846463,638452,456
海象伊诺,1,旅行,8232686,635998,140
育儿心经趣味电子商务,1,母婴,2354694,634498,120
新京报HI财经,0,资讯,9311372,633931,101
成都🔥超哥,1,生活,6046281,633695,77
K12听涛阁,1,母婴,2419140,632393,103
马大帅《户外》,1,旅行,4274280,632183,71
香港户外街拍第二人,2,娱乐,3944915,630029,235
黄雅晞,2,萌娃,6879733,629289,215
子女教育指南,0,母婴,1253010,629144,70
三哥家薯园,1,生活,3591734,628576,36
老司机,1,萌娃,4493031,627997,30
重庆自驾游,1,生活,4150077,626321,143
穷游攻略,2,旅行,3295862,626191,86
陇南广播电视台,1,资讯,16693615,625973,516
母婴行业观察,2,蓝V,938435,622325,866
邓玉米—上帝之窗（环球地理）,1,旅行,5475762,622093,39
天天aka sky,1,萌娃,4313620,621060,485
咪咕悬疑社,1,剧情,2832158,620846,144
育儿课堂语记,2,母婴,2265166,619900,178
沙河交警,1,蓝V,3844151,618055,69
励志充电站,2,旅行,2925,616647,4
科技大彬,1,科技,4134180,616074,35
胡建人黄师虎,1,创意,3587078,615456,74
吴帅,1,剧情,8166203,615307,27
神奇的老皮,1,技术流,4408728,615274,145
育儿不求人,2,母婴,1996419,614758,56
我家有个小萌诺,2,萌娃,4533355,613850,229
車韦,1,生活,8853618,613429,68
新闻大连,1,资讯,12113458,612161,550
编玩边学,1,科技,4088202,611919,197
育儿指南,2,母婴,1347710,611738,130
命旺的小姐姐,2,美女,7308161,608014,81
爱笑的洛洛妈☀️,2,母婴,3084512,606338,32
经济日报,1,资讯,7784487,604542,415
小四月幼儿辅食,2,美食,1518876,602834,151
小样的画集,2,创意,1821201,602455,36
Maxidea极创意,0,创意,5963266,601743,202
吴小聊聊,2,娱乐,3680998,601267,133
死湖啊,1,旅行,7127799,600306,156
��จุ๊บ+00💓,2,剧情,11119552,599706,340
朵朵妈妈,2,母婴,1125539,599303,27
RC爱好者,1,汽车,3710385,599165,350
育儿宝典网,2,母婴,3278612,599148,241
十堰晚报,0,资讯,24667671,598864,72
启维,1,剧情,5088726,597986,34
育儿分享,2,母婴,928247,596745,50
新闻夜航,2,资讯,10372861,595484,1172
火星情报局,0,娱乐,4862793,595477,424
恩宝爸爸谈育儿,1,母婴,1830690,595319,87
野生老雪,1,旅行,1874855,594530,57
神秘哥,1,创意,6003169,594027,24
超级育儿师兰海,0,美女,664214,591511,316
两只虞宝宝,2,萌娃,1392391,590953,6
丛尚小葱花,2,萌娃,3460791,589440,90
周哥说车,1,汽车,2326591,587515,37
一凡哥哥Even,1,剧情,8474550,586971,27
老司机App,1,汽车,1537712,578536,91
余爽儿（小个子穿搭）,2,文化,1117400,577850,11
茄喱啡王小明,1,剧情,550080,577554,17
家嘉华洋,1,生活,6862175,577000,139
驾小二（科一科四）,2,汽车,940733,576970,133
补脑夜宵,0,剧情,2809318,576545,85
请@夏兮泽,1,剧情,7638247,576290,61
姜鹏 江湖大道,1,剧情,1034501,573479,244
一秒懂车,1,汽车,992220,572448,193
燃新闻,0,资讯,12827017,571475,405
中国江西网,1,蓝V,17644971,567149,942
海宜,1,游戏,3451297,558875,174
表情包炸了,1,创意,7510715,546502,314
涵涵,2,美女,1937359,545940,55
Drift,1,汽车,6194524,544169,30
鲸鱼阅读,0,蓝V,2514631,542542,185
萝卜报告,1,汽车,1024781,540719,106
带你懂车,1,汽车,1264930,539538,18
创意黑科技,2,科技,1739320,535398,118
汽车研究生,1,汽车,1455590,534116,118
朱仙,1,剧情,3031567,533381,56
孙晓空,1,剧情,3462109,533001,58
我是汤汤,2,剧情,1693835,532392,87
汽车头,1,汽车,1715191,532087,192
小美快跑,2,剧情,3575040,523781,74
高小忍,2,美女,2131286,521409,46
百变酱酱,1,剧情,2524725,520680,72
HiPi潇公子,1,创意,9080825,516106,65
脑动,2,剧情,2569598,512357,138
李老鼠说车,1,汽车,949167,510841,68
小熊美物,2,创意,1911422,508190,61
7⃣➕2⃣🐾变,1,创意,2783012,506086,14
搞笑p图大佬,1,创意,2470819,502536,42
汽车洋葱圈,1,汽车,2661665,500748,181
