山东,11701,2020-10-01
山东,9911,2020-10-02
山东,8623,2020-10-03
山东,7782,2020-10-04
山东,7719,2020-10-05
山东,7428,2020-10-06
山东,7370,2020-10-07
山东,6550,2020-10-08
山东,4196,2020-10-09
山东,4554,2020-10-10
贵州,3793,2020-10-01
贵州,3121,2020-10-02
贵州,2788,2020-10-03
贵州,2725,2020-10-04
贵州,2550,2020-10-05
贵州,2486,2020-10-06
贵州,2390,2020-10-07
贵州,2011,2020-10-08
贵州,1494,2020-10-09
贵州,1921,2020-10-10
江西,7569,2020-10-01
江西,6134,2020-10-02
江西,5346,2020-10-03
江西,4898,2020-10-04
江西,4576,2020-10-05
江西,4201,2020-10-06
江西,3836,2020-10-07
江西,3448,2020-10-08
江西,2077,2020-10-09
江西,2515,2020-10-10
重庆,4025,2020-10-01
重庆,3430,2020-10-02
重庆,3078,2020-10-03
重庆,2880,2020-10-04
重庆,2753,2020-10-05
重庆,2527,2020-10-06
重庆,2462,2020-10-07
重庆,1989,2020-10-08
重庆,1469,2020-10-09
重庆,1788,2020-10-10
内蒙古,1883,2020-10-01
内蒙古,1634,2020-10-02
内蒙古,1477,2020-10-03
内蒙古,1390,2020-10-04
内蒙古,1367,2020-10-05
内蒙古,1263,2020-10-06
内蒙古,1214,2020-10-07
内蒙古,1148,2020-10-08
内蒙古,1133,2020-10-09
内蒙古,1187,2020-10-10
湖北,6880,2020-10-01
湖北,6114,2020-10-02
湖北,5410,2020-10-03
湖北,4739,2020-10-04
湖北,4434,2020-10-05
湖北,4164,2020-10-06
湖北,3979,2020-10-07
湖北,3418,2020-10-08
湖北,2478,2020-10-09
湖北,2952,2020-10-10
辽宁,3633,2020-10-01
辽宁,3241,2020-10-02
辽宁,2804,2020-10-03
辽宁,2597,2020-10-04
辽宁,2681,2020-10-05
辽宁,2589,2020-10-06
辽宁,2536,2020-10-07
辽宁,2500,2020-10-08
辽宁,1958,2020-10-09
辽宁,2057,2020-10-10
湖南,7653,2020-10-01
湖南,5934,2020-10-02
湖南,5221,2020-10-03
湖南,4827,2020-10-04
湖南,4462,2020-10-05
湖南,4035,2020-10-06
湖南,3821,2020-10-07
湖南,3377,2020-10-08
湖南,2387,2020-10-09
湖南,3051,2020-10-10
福建,5702,2020-10-01
福建,4967,2020-10-02
福建,4551,2020-10-03
福建,4127,2020-10-04
福建,4205,2020-10-05
福建,3981,2020-10-06
福建,3948,2020-10-07
福建,3611,2020-10-08
福建,2614,2020-10-09
福建,3036,2020-10-10
上海,2730,2020-10-01
上海,2577,2020-10-02
上海,2544,2020-10-03
上海,2415,2020-10-04
上海,2354,2020-10-05
上海,2326,2020-10-06
上海,2402,2020-10-07
上海,2321,2020-10-08
上海,2136,2020-10-09
上海,2197,2020-10-10
北京,6048,2020-10-01
北京,5236,2020-10-02
北京,4622,2020-10-03
北京,4421,2020-10-04
北京,4158,2020-10-05
北京,4025,2020-10-06
北京,4030,2020-10-07
北京,3901,2020-10-08
北京,3113,2020-10-09
北京,2540,2020-10-10
广西,6663,2020-10-01
广西,5320,2020-10-02
广西,4730,2020-10-03
广西,4283,2020-10-04
广西,4058,2020-10-05
广西,3787,2020-10-06
广西,3546,2020-10-07
广西,3091,2020-10-08
广西,2078,2020-10-09
广西,2548,2020-10-10
广东,18103,2020-10-01
广东,16012,2020-10-02
广东,14237,2020-10-03
广东,13091,2020-10-04
广东,13022,2020-10-05
广东,12481,2020-10-06
广东,12367,2020-10-07
广东,11363,2020-10-08
广东,8035,2020-10-09
广东,9244,2020-10-10
四川,9732,2020-10-01
四川,8499,2020-10-02
四川,7258,2020-10-03
四川,6612,2020-10-04
四川,6528,2020-10-05
四川,6136,2020-10-06
四川,5914,2020-10-07
四川,4997,2020-10-08
四川,3350,2020-10-09
四川,3854,2020-10-10
云南,4417,2020-10-01
云南,3581,2020-10-02
云南,3197,2020-10-03
云南,3025,2020-10-04
云南,2998,2020-10-05
云南,2900,2020-10-06
云南,2860,2020-10-07
云南,2294,2020-10-08
云南,1887,2020-10-09
云南,2074,2020-10-10
江苏,10430,2020-10-01
江苏,9304,2020-10-02
江苏,8630,2020-10-03
江苏,7594,2020-10-04
江苏,7187,2020-10-05
江苏,6775,2020-10-06
江苏,6573,2020-10-07
江苏,6162,2020-10-08
江苏,4092,2020-10-09
江苏,4809,2020-10-10
浙江,7538,2020-10-01
浙江,6951,2020-10-02
浙江,6374,2020-10-03
浙江,6167,2020-10-04
浙江,6110,2020-10-05
浙江,5777,2020-10-06
浙江,5499,2020-10-07
浙江,5024,2020-10-08
浙江,3823,2020-10-09
浙江,4427,2020-10-10
青海,752,2020-10-01
青海,709,2020-10-02
青海,643,2020-10-03
青海,567,2020-10-04
青海,584,2020-10-05
青海,614,2020-10-06
青海,521,2020-10-07
青海,535,2020-10-08
青海,370,2020-10-09
青海,444,2020-10-10
宁夏,992,2020-10-01
宁夏,939,2020-10-02
宁夏,928,2020-10-03
宁夏,926,2020-10-04
宁夏,906,2020-10-05
宁夏,896,2020-10-06
宁夏,816,2020-10-07
宁夏,763,2020-10-08
宁夏,589,2020-10-09
宁夏,651,2020-10-10
河北,9759,2020-10-01
河北,7952,2020-10-02
河北,6642,2020-10-03
河北,5931,2020-10-04
河北,5906,2020-10-05
河北,5413,2020-10-06
河北,5301,2020-10-07
河北,4892,2020-10-08
河北,3011,2020-10-09
河北,3210,2020-10-10
黑龙江,2767,2020-10-01
黑龙江,2405,2020-10-02
黑龙江,2264,2020-10-03
黑龙江,2013,2020-10-04
黑龙江,2006,2020-10-05
黑龙江,1940,2020-10-06
黑龙江,1855,2020-10-07
黑龙江,1775,2020-10-08
黑龙江,1285,2020-10-09
黑龙江,1377,2020-10-10
吉林,2109,2020-10-01
吉林,1850,2020-10-02
吉林,1684,2020-10-03
吉林,1716,2020-10-04
吉林,1666,2020-10-05
吉林,1565,2020-10-06
吉林,1402,2020-10-07
吉林,1403,2020-10-08
吉林,1175,2020-10-09
吉林,1177,2020-10-10
天津,1374,2020-10-01
天津,1285,2020-10-02
天津,1260,2020-10-03
天津,1274,2020-10-04
天津,1228,2020-10-05
天津,1247,2020-10-06
天津,1217,2020-10-07
天津,1249,2020-10-08
天津,1201,2020-10-09
天津,1210,2020-10-10
陕西,4107,2020-10-01
陕西,3671,2020-10-02
陕西,3133,2020-10-03
陕西,2823,2020-10-04
陕西,2630,2020-10-05
陕西,2619,2020-10-06
陕西,2462,2020-10-07
陕西,2292,2020-10-08
陕西,1879,2020-10-09
陕西,2173,2020-10-10
甘肃,2172,2020-10-01
甘肃,1991,2020-10-02
甘肃,1766,2020-10-03
甘肃,1691,2020-10-04
甘肃,1564,2020-10-05
甘肃,1555,2020-10-06
甘肃,1526,2020-10-07
甘肃,1333,2020-10-08
甘肃,1148,2020-10-09
甘肃,1163,2020-10-10
新疆,1612,2020-10-01
新疆,1383,2020-10-02
新疆,1182,2020-10-03
新疆,1165,2020-10-04
新疆,1133,2020-10-05
新疆,1151,2020-10-06
新疆,1121,2020-10-07
新疆,1093,2020-10-08
新疆,1059,2020-10-09
新疆,1127,2020-10-10
河南,13226,2020-10-01
河南,11746,2020-10-02
河南,9991,2020-10-03
河南,8647,2020-10-04
河南,8350,2020-10-05
河南,7715,2020-10-06
河南,7472,2020-10-07
河南,6310,2020-10-08
河南,3850,2020-10-09
河南,4748,2020-10-10
安徽,6687,2020-10-01
安徽,5755,2020-10-02
安徽,5292,2020-10-03
安徽,4549,2020-10-04
安徽,4146,2020-10-05
安徽,4053,2020-10-06
安徽,3727,2020-10-07
安徽,3343,2020-10-08
安徽,2165,2020-10-09
安徽,2914,2020-10-10
山西,4000,2020-10-01
山西,3334,2020-10-02
山西,2822,2020-10-03
山西,2468,2020-10-04
山西,2503,2020-10-05
山西,2353,2020-10-06
山西,2355,2020-10-07
山西,2074,2020-10-08
山西,1323,2020-10-09
山西,1582,2020-10-10
海南,1385,2020-10-01
海南,1149,2020-10-02
海南,1114,2020-10-03
海南,1086,2020-10-04
海南,1061,2020-10-05
海南,1062,2020-10-06
海南,1084,2020-10-07
海南,1016,2020-10-08
海南,831,2020-10-09
海南,1039,2020-10-10
台湾,151,2020-10-01
台湾,170,2020-10-02
台湾,156,2020-10-03
台湾,155,2020-10-04
台湾,149,2020-10-05
台湾,163,2020-10-06
台湾,168,2020-10-07
台湾,146,2020-10-08
台湾,137,2020-10-09
台湾,150,2020-10-10
西藏,378,2020-10-01
西藏,376,2020-10-02
西藏,317,2020-10-03
西藏,343,2020-10-04
西藏,295,2020-10-05
西藏,289,2020-10-06
西藏,314,2020-10-07
西藏,281,2020-10-08
西藏,271,2020-10-09
西藏,258,2020-10-10
香港,378,2020-10-01
香港,354,2020-10-02
香港,384,2020-10-03
香港,366,2020-10-04
香港,326,2020-10-05
香港,324,2020-10-06
香港,300,2020-10-07
香港,296,2020-10-08
香港,313,2020-10-09
香港,358,2020-10-10
澳门,153,2020-10-01
澳门,173,2020-10-02
澳门,146,2020-10-03
澳门,156,2020-10-04
澳门,143,2020-10-05
澳门,134,2020-10-06
澳门,150,2020-10-07
澳门,151,2020-10-08
澳门,135,2020-10-09
澳门,158,2020-10-10
山东,11701,2020-10-01
山东,9911,2020-10-02
山东,8623,2020-10-03
山东,7782,2020-10-04
山东,7719,2020-10-05
山东,7428,2020-10-06
山东,7370,2020-10-07
山东,6550,2020-10-08
山东,4196,2020-10-09
山东,4554,2020-10-10
贵州,3793,2020-10-01
贵州,3121,2020-10-02
贵州,2788,2020-10-03
贵州,2725,2020-10-04
贵州,2550,2020-10-05
贵州,2486,2020-10-06
贵州,2390,2020-10-07
贵州,2011,2020-10-08
贵州,1494,2020-10-09
贵州,1921,2020-10-10
江西,7569,2020-10-01
江西,6134,2020-10-02
江西,5346,2020-10-03
江西,4898,2020-10-04
江西,4576,2020-10-05
江西,4201,2020-10-06
江西,3836,2020-10-07
江西,3448,2020-10-08
江西,2077,2020-10-09
江西,2515,2020-10-10
重庆,4025,2020-10-01
重庆,3430,2020-10-02
重庆,3078,2020-10-03
重庆,2880,2020-10-04
重庆,2753,2020-10-05
重庆,2527,2020-10-06
重庆,2462,2020-10-07
重庆,1989,2020-10-08
重庆,1469,2020-10-09
重庆,1788,2020-10-10
内蒙古,1883,2020-10-01
内蒙古,1634,2020-10-02
内蒙古,1477,2020-10-03
内蒙古,1390,2020-10-04
内蒙古,1367,2020-10-05
内蒙古,1263,2020-10-06
内蒙古,1214,2020-10-07
内蒙古,1148,2020-10-08
内蒙古,1133,2020-10-09
内蒙古,1187,2020-10-10
湖北,6880,2020-10-01
湖北,6114,2020-10-02
湖北,5410,2020-10-03
湖北,4739,2020-10-04
湖北,4434,2020-10-05
湖北,4164,2020-10-06
湖北,3979,2020-10-07
湖北,3418,2020-10-08
湖北,2478,2020-10-09
湖北,2952,2020-10-10
辽宁,3633,2020-10-01
辽宁,3241,2020-10-02
辽宁,2804,2020-10-03
辽宁,2597,2020-10-04
辽宁,2681,2020-10-05
辽宁,2589,2020-10-06
辽宁,2536,2020-10-07
辽宁,2500,2020-10-08
辽宁,1958,2020-10-09
辽宁,2057,2020-10-10
湖南,7653,2020-10-01
湖南,5934,2020-10-02
湖南,5221,2020-10-03
湖南,4827,2020-10-04
湖南,4462,2020-10-05
湖南,4035,2020-10-06
湖南,3821,2020-10-07
湖南,3377,2020-10-08
湖南,2387,2020-10-09
湖南,3051,2020-10-10
福建,5702,2020-10-01
福建,4967,2020-10-02
福建,4551,2020-10-03
福建,4127,2020-10-04
福建,4205,2020-10-05
福建,3981,2020-10-06
福建,3948,2020-10-07
福建,3611,2020-10-08
福建,2614,2020-10-09
福建,3036,2020-10-10
上海,2730,2020-10-01
上海,2577,2020-10-02
上海,2544,2020-10-03
上海,2415,2020-10-04
上海,2354,2020-10-05
上海,2326,2020-10-06
上海,2402,2020-10-07
上海,2321,2020-10-08
上海,2136,2020-10-09
上海,2197,2020-10-10
北京,6048,2020-10-01
北京,5236,2020-10-02
北京,4622,2020-10-03
北京,4421,2020-10-04
北京,4158,2020-10-05
北京,4025,2020-10-06
北京,4030,2020-10-07
北京,3901,2020-10-08
北京,3113,2020-10-09
北京,2540,2020-10-10
广西,6663,2020-10-01
广西,5320,2020-10-02
广西,4730,2020-10-03
广西,4283,2020-10-04
广西,4058,2020-10-05
广西,3787,2020-10-06
广西,3546,2020-10-07
广西,3091,2020-10-08
广西,2078,2020-10-09
广西,2548,2020-10-10
广东,18103,2020-10-01
广东,16012,2020-10-02
广东,14237,2020-10-03
广东,13091,2020-10-04
广东,13022,2020-10-05
广东,12481,2020-10-06
广东,12367,2020-10-07
广东,11363,2020-10-08
广东,8035,2020-10-09
广东,9244,2020-10-10
四川,9732,2020-10-01
四川,8499,2020-10-02
四川,7258,2020-10-03
四川,6612,2020-10-04
四川,6528,2020-10-05
四川,6136,2020-10-06
四川,5914,2020-10-07
四川,4997,2020-10-08
四川,3350,2020-10-09
四川,3854,2020-10-10
云南,4417,2020-10-01
云南,3581,2020-10-02
云南,3197,2020-10-03
云南,3025,2020-10-04
云南,2998,2020-10-05
云南,2900,2020-10-06
云南,2860,2020-10-07
云南,2294,2020-10-08
云南,1887,2020-10-09
云南,2074,2020-10-10
江苏,10430,2020-10-01
江苏,9304,2020-10-02
江苏,8630,2020-10-03
江苏,7594,2020-10-04
江苏,7187,2020-10-05
江苏,6775,2020-10-06
江苏,6573,2020-10-07
江苏,6162,2020-10-08
江苏,4092,2020-10-09
江苏,4809,2020-10-10
浙江,7538,2020-10-01
浙江,6951,2020-10-02
浙江,6374,2020-10-03
浙江,6167,2020-10-04
浙江,6110,2020-10-05
浙江,5777,2020-10-06
浙江,5499,2020-10-07
浙江,5024,2020-10-08
浙江,3823,2020-10-09
浙江,4427,2020-10-10
青海,752,2020-10-01
青海,709,2020-10-02
青海,643,2020-10-03
青海,567,2020-10-04
青海,584,2020-10-05
青海,614,2020-10-06
青海,521,2020-10-07
青海,535,2020-10-08
青海,370,2020-10-09
青海,444,2020-10-10
宁夏,992,2020-10-01
宁夏,939,2020-10-02
宁夏,928,2020-10-03
宁夏,926,2020-10-04
宁夏,906,2020-10-05
宁夏,896,2020-10-06
宁夏,816,2020-10-07
宁夏,763,2020-10-08
宁夏,589,2020-10-09
宁夏,651,2020-10-10
河北,9759,2020-10-01
河北,7952,2020-10-02
河北,6642,2020-10-03
河北,5931,2020-10-04
河北,5906,2020-10-05
河北,5413,2020-10-06
河北,5301,2020-10-07
河北,4892,2020-10-08
河北,3011,2020-10-09
河北,3210,2020-10-10
黑龙江,2767,2020-10-01
黑龙江,2405,2020-10-02
黑龙江,2264,2020-10-03
黑龙江,2013,2020-10-04
黑龙江,2006,2020-10-05
黑龙江,1940,2020-10-06
黑龙江,1855,2020-10-07
黑龙江,1775,2020-10-08
黑龙江,1285,2020-10-09
黑龙江,1377,2020-10-10
吉林,2109,2020-10-01
吉林,1850,2020-10-02
吉林,1684,2020-10-03
吉林,1716,2020-10-04
吉林,1666,2020-10-05
吉林,1565,2020-10-06
吉林,1402,2020-10-07
吉林,1403,2020-10-08
吉林,1175,2020-10-09
吉林,1177,2020-10-10
天津,1374,2020-10-01
天津,1285,2020-10-02
天津,1260,2020-10-03
天津,1274,2020-10-04
天津,1228,2020-10-05
天津,1247,2020-10-06
天津,1217,2020-10-07
天津,1249,2020-10-08
天津,1201,2020-10-09
天津,1210,2020-10-10
陕西,4107,2020-10-01
陕西,3671,2020-10-02
陕西,3133,2020-10-03
陕西,2823,2020-10-04
陕西,2630,2020-10-05
陕西,2619,2020-10-06
陕西,2462,2020-10-07
陕西,2292,2020-10-08
陕西,1879,2020-10-09
陕西,2173,2020-10-10
甘肃,2172,2020-10-01
甘肃,1991,2020-10-02
甘肃,1766,2020-10-03
甘肃,1691,2020-10-04
甘肃,1564,2020-10-05
甘肃,1555,2020-10-06
甘肃,1526,2020-10-07
甘肃,1333,2020-10-08
甘肃,1148,2020-10-09
甘肃,1163,2020-10-10
新疆,1612,2020-10-01
新疆,1383,2020-10-02
新疆,1182,2020-10-03
新疆,1165,2020-10-04
新疆,1133,2020-10-05
新疆,1151,2020-10-06
新疆,1121,2020-10-07
新疆,1093,2020-10-08
新疆,1059,2020-10-09
新疆,1127,2020-10-10
河南,13226,2020-10-01
河南,11746,2020-10-02
河南,9991,2020-10-03
河南,8647,2020-10-04
河南,8350,2020-10-05
河南,7715,2020-10-06
河南,7472,2020-10-07
河南,6310,2020-10-08
河南,3850,2020-10-09
河南,4748,2020-10-10
安徽,6687,2020-10-01
安徽,5755,2020-10-02
安徽,5292,2020-10-03
安徽,4549,2020-10-04
安徽,4146,2020-10-05
安徽,4053,2020-10-06
安徽,3727,2020-10-07
安徽,3343,2020-10-08
安徽,2165,2020-10-09
安徽,2914,2020-10-10
山西,4000,2020-10-01
山西,3334,2020-10-02
山西,2822,2020-10-03
山西,2468,2020-10-04
山西,2503,2020-10-05
山西,2353,2020-10-06
山西,2355,2020-10-07
山西,2074,2020-10-08
山西,1323,2020-10-09
山西,1582,2020-10-10
海南,1385,2020-10-01
海南,1149,2020-10-02
海南,1114,2020-10-03
海南,1086,2020-10-04
海南,1061,2020-10-05
海南,1062,2020-10-06
海南,1084,2020-10-07
海南,1016,2020-10-08
海南,831,2020-10-09
海南,1039,2020-10-10
台湾,151,2020-10-01
台湾,170,2020-10-02
台湾,156,2020-10-03
台湾,155,2020-10-04
台湾,149,2020-10-05
台湾,163,2020-10-06
台湾,168,2020-10-07
台湾,146,2020-10-08
台湾,137,2020-10-09
台湾,150,2020-10-10
西藏,378,2020-10-01
西藏,376,2020-10-02
西藏,317,2020-10-03
西藏,343,2020-10-04
西藏,295,2020-10-05
西藏,289,2020-10-06
西藏,314,2020-10-07
西藏,281,2020-10-08
西藏,271,2020-10-09
西藏,258,2020-10-10
香港,378,2020-10-01
香港,354,2020-10-02
香港,384,2020-10-03
香港,366,2020-10-04
香港,326,2020-10-05
香港,324,2020-10-06
香港,300,2020-10-07
香港,296,2020-10-08
香港,313,2020-10-09
香港,358,2020-10-10
澳门,153,2020-10-01
澳门,173,2020-10-02
澳门,146,2020-10-03
澳门,156,2020-10-04
澳门,143,2020-10-05
澳门,134,2020-10-06
澳门,150,2020-10-07
澳门,151,2020-10-08
澳门,135,2020-10-09
澳门,158,2020-10-10
